0,0,0,0,0,0,66208,4138000
0,0,0,0,0,0,66208,4138000
0,0,0,0,0,0,66208,4138000
0,0,0,0,0,0,66208,4138000
0,0,0,0,0,0,66208,4138000
0,0,0,0,0,0,66208,4138000
0,0,0,0,0,0,66208,4138000
0,0,0,0,0,0,66208,4138000
0,0,0,0,0,0,66208,4138000
0,0,0,0,0,0,66208,4138000
0,0,0,0,0,0,65744,4138000
0,0,0,0,0,0,66192,4138000
0,0,0,0,0,0,65632,4138000
994936,0,0,1526939,-297,-327799,65600,4007411
994990,743145,-4505,460979,5,-106619,65584,3987005
994939,1140942,-8958,141600,235,-41018,65568,3975938
994805,1352729,-13371,45711,29,-20827,65568,3968534
994689,1466906,-17759,16856,-9,-14575,65552,3965601
994621,1525264,-22106,8011,484,-12595,65536,3963465
994501,1556593,-26437,5432,-1162,-12129,65536,3963356
994570,1571758,-30737,4787,-817,-11987,65520,3962881
994507,1577946,-35010,4021,57,-11808,65520,3963371
994258,1579831,-39260,4411,712,-11775,65504,3963161
994377,1582426,-43492,2916,-776,-11797,65504,3964124
994324,1582014,-47690,3795,51,-11794,65488,3963676
994255,1581246,-51887,3902,411,-11839,65488,3963596
994194,1578502,-56041,3936,-726,-11793,65488,3964658
994012,1578056,-60174,4503,-510,-11842,65472,3964878
993901,1576407,-64314,4030,651,-11708,65472,3964416
993835,1574663,-68400,3979,144,-11778,65456,3963846
993829,1573852,-72477,4320,1180,-11808,65456,3963451
993785,1571880,-76537,3906,405,-11762,65456,3965338
993725,1569963,-80556,3967,0,-11785,65440,3965363
993710,1567266,-84539,3940,295,-11801,65440,3965365
993900,1567303,-88520,3910,35,-11789,65440,3966391
993843,1566267,-92491,3671,-34,-11791,65424,3967055
994129,1566985,-96446,2623,-412,-11791,65424,3968085
994150,1566060,-100379,3535,-251,-11790,65424,3968304
994313,1563232,-104288,4093,-152,-11806,65408,3968981
994253,1561544,-108176,3725,323,-11773,65408,3969702
994148,1561037,-112062,3937,-170,-11763,65408,3969706
994004,1559181,-115880,3680,-605,-11663,65392,3968058
994204,1560628,-119725,3755,-50,-11777,65392,3969946
994130,1560429,-123523,3710,690,-11697,65392,3969716
993886,1558161,-127306,2669,1928,-11774,65392,3968514
993951,1556699,-131085,4387,142,-11799,65376,3969302
993898,1556632,-134835,3936,-1131,-11749,65376,3969696
993832,1557186,-138569,3972,724,-11743,65376,3969968
993767,1554932,-142286,3886,577,-11830,65360,3971670
993783,1553689,-145980,4069,-222,-11775,65360,3970754
993713,1553480,-149656,4024,-1402,-11831,65360,3971731
993397,1553305,-153316,3981,-180,-11798,65360,3970434
993399,1551683,-156966,3787,213,-11766,65344,3970228
993526,1552278,-160635,4686,868,-11913,65344,3970687
993473,1550254,-164294,3805,-121,-11750,65344,3971218
993349,1550955,-167942,4031,564,-11678,65344,3971698
993332,1549031,-171485,3847,615,-11898,65344,3971986
993293,1549814,-175036,3925,-459,-11838,65328,3972002
993177,1547490,-178619,3984,11,-11785,65328,3971689
993293,1548109,-182180,4192,1132,-11831,65328,3971944
993273,1546052,-185753,3921,-1375,-11861,65328,3972017
993172,1546535,-189252,4008,395,-11772,65312,3973127
993109,1544683,-192739,3979,-22,-11779,65312,3972185
993105,1546784,-196215,4199,-1165,-11768,65312,3972162
992989,1545582,-199645,3584,-3137,-11457,65312,3971258
992796,1545783,-203118,3734,659,-11847,65312,3971712
992671,1546565,-206584,3712,216,-11958,65296,3971475
992740,1546019,-210004,2992,-1000,-11747,65296,3973653
992734,1544170,-213374,3733,616,-11833,65296,3973155
992620,1544584,-216763,4178,-191,-11750,65296,3973167
992436,1544839,-220168,3648,-5,-11913,65296,3971698
992383,1543491,-223490,3972,-1380,-11718,65280,3971467
992441,1543105,-226807,4110,134,-11779,65280,3972400
992445,1542856,-230142,4093,45,-11837,65280,3972253
992309,1543801,-233518,3952,-4,-11777,65280,3972688
992443,1543115,-236800,3758,45,-11822,65280,3973207
992362,1543959,-240089,3732,-112,-11867,65264,3972219
992322,1544426,-243338,3939,-53,-11795,65264,3973134
992435,1543596,-246622,4562,146,-11950,65264,3972972
992179,1544636,-249862,4453,-1775,-11732,65264,3974432
992173,1540822,-253083,3635,1867,-11697,65264,3974174
991995,1540689,-256224,3938,68,-11791,65264,3973175
991995,1540689,-256224,3938,68,-11791,65264,3973175
991693,1540027,-259436,5244,2584,-11524,65248,3973705
991746,1540029,-262574,4532,-518,-11585,65248,3971694
991691,1539896,-265654,3862,166,-11964,65248,3973477
991766,1539338,-268885,3957,223,-11854,65248,3973380
991511,1538615,-271969,4288,-588,-11818,65248,3973433
991270,1537792,-275120,4272,1178,-11600,65232,3972973
991142,1537551,-278210,3661,-685,-11751,65232,3971459
990979,1537526,-281237,4017,-116,-11867,65232,3972153
991037,1537502,-284333,3639,86,-11723,65232,3972634
990978,1537659,-287356,3925,-354,-11862,65232,3972451
991018,1537558,-290388,4187,-64,-11731,65232,3971966
990962,1537665,-293403,3917,-281,-11855,65232,3972867
990722,1537581,-296470,4491,24,-11662,65216,3972691
990797,1536222,-299478,3854,-57,-11833,65216,3972456
990906,1535787,-302461,3928,160,-11778,65216,3972912
990600,1534879,-305454,3095,-1347,-11850,65216,3971737
990369,1536114,-308509,3617,-506,-11831,65216,3971903
990418,1535630,-311430,3930,-3,-11825,65216,3971745
990347,1535034,-314357,3875,-573,-11768,65200,3971470
990165,1535285,-317243,4031,-276,-11851,65200,3971465
990307,1536170,-320142,3367,417,-11784,65200,3972722
990222,1535755,-323001,3858,-396,-11959,65200,3972744
990233,1535143,-325935,3699,911,-11676,65200,3972945
989981,1533779,-328823,3684,-110,-11793,65200,3979554
989553,1535282,-331725,4727,832,-11730,65200,3981251
989621,1534964,-334609,3062,62,-11757,65200,3981694
989383,1533597,-337442,3643,10,-11763,65184,3981493
989129,1531924,-340213,3098,-173,-11630,65184,3980206
989065,1531993,-342946,3804,749,-11995,65184,3981730
989064,1531359,-345817,3926,-12,-11777,65184,3981228
989019,1531740,-348586,3952,-56,-11737,65184,3981663
988829,1531100,-351212,4088,-104,-11965,65184,3981686
988640,1530596,-353939,4301,174,-11846,65184,3981902
988708,1530194,-356692,4354,-551,-11683,65184,3980961
988655,1529738,-359395,3927,-25,-11762,65168,3981772
988584,1529936,-362069,4022,-360,-11923,65168,3982207
988590,1529942,-364797,3975,5,-11786,65168,3982008
988388,1529660,-367435,3518,-964,-11594,65168,3981259
988343,1529953,-370197,3778,-604,-11463,65168,3982661
988395,1529650,-372904,4136,-599,-11823,65168,3981953
988415,1529837,-375478,4300,154,-11179,65168,3981465
988479,1530094,-378140,3271,-989,-11716,65168,3983477
988413,1529897,-380708,3913,-200,-11715,65152,3982636
988536,1529766,-383416,4133,-384,-11890,65152,3982933
988276,1528710,-385988,3138,185,-11566,65152,3982237
988406,1529681,-388479,2260,-2950,-12712,65152,3984690
988037,1528591,-391085,3082,-443,-11906,65152,3982905
987978,1527939,-393660,3638,318,-11841,65152,3983725
987858,1527760,-396195,3975,-45,-11872,65152,3983480
987680,1526284,-398807,3921,-71,-11800,65152,3982882
987372,1526673,-401437,3520,-300,-11913,65136,3982640
987108,1526904,-403898,3411,-318,-11810,65136,3982188
986984,1527429,-406416,3393,1037,-11717,65136,3981519
987117,1526350,-408937,3334,-200,-11758,65136,3983440
986996,1525751,-411504,3949,-351,-11568,65136,3983410
987066,1526880,-413941,3368,-1083,-12078,65136,3983731
986875,1526787,-416383,3816,-264,-11852,65136,3983226
986753,1525796,-418812,4214,864,-12033,65136,3983679
986624,1526407,-421310,3851,-528,-11841,65136,3982433
986709,1525567,-423791,4150,-375,-11876,65136,3983192
986701,1524152,-426160,4062,261,-11501,65120,3983232
986879,1523405,-428503,2679,-149,-12244,65120,3984859
986888,1523224,-430896,4069,955,-11855,65120,3983374
986750,1525325,-433321,4185,-496,-11689,65120,3984847
986756,1526645,-435719,3881,-251,-11833,65120,3984167
986686,1525738,-438116,3982,336,-11788,65120,3984389
986521,1526844,-440417,3829,396,-11524,65120,3984209
986571,1525732,-442862,3881,187,-11707,65120,3984409
986520,1525226,-445112,3972,-740,-11218,65104,3983696
986193,1526370,-447564,2987,318,-12099,65104,3983432
986193,1526370,-447564,2987,318,-12099,65104,3983432
986390,1525926,-449895,3961,343,-11886,65104,3984457
986196,1524270,-452169,3824,-98,-11968,65104,3984935
985958,1524480,-454490,3581,-180,-11769,65104,3984128
986130,1524528,-456828,3121,510,-11695,65104,3985145
986135,1524891,-459086,3906,386,-11719,65104,3984141
986020,1526148,-461355,3973,-45,-11834,65088,3985128
986028,1524482,-463620,3975,4,-11785,65088,3985139
986018,1524272,-465906,4086,-859,-11834,65088,3984636
985833,1524346,-468225,4576,1372,-11450,65088,3985670
985765,1524412,-470502,3916,1110,-11783,65088,3985908
985581,1523613,-472783,3923,16,-11815,65088,3985157
985284,1523343,-475028,3623,258,-11834,65088,3984401
985060,1523880,-477378,4198,722,-11447,65088,3985130
984995,1523386,-479586,3897,-19,-11897,65088,3984947
984802,1524210,-481656,3920,-17,-11827,65088,3985387
984925,1524315,-483916,3583,348,-11638,65088,3986125
984911,1522281,-486117,3960,145,-11737,65072,3985338
984811,1523600,-488269,3950,14,-11780,65072,3985836
984607,1522942,-490480,3647,-174,-11889,65072,3985567
984487,1523046,-492520,3688,1326,-11293,65072,3985603
984368,1519482,-494520,3784,688,-11218,65072,3985628
984117,1519514,-496655,4601,1114,-11729,65072,3986621
984197,1519611,-498804,4029,-547,-11799,65072,3985919
984006,1518607,-500985,3877,98,-11750,65072,3986318
984064,1518078,-502944,3810,-3,-11892,65072,3986577
984067,1516850,-505211,4009,327,-12212,65072,3986381
984009,1516912,-507266,3944,637,-11841,65072,3987333
983755,1516939,-509264,4893,1467,-12245,65072,3987602
983775,1515966,-511190,4116,-415,-11186,65072,3986137
983629,1516583,-513167,3780,-81,-11663,65056,3986371
983527,1516929,-515238,3989,99,-11691,65056,3986858
983340,1517324,-517347,3571,746,-12037,65056,3986055
983212,1516285,-519377,3920,117,-11834,65056,3986583
983153,1515862,-521335,4025,955,-11452,65056,3985881
983101,1516650,-523380,3871,-407,-11616,65056,3987285
983085,1518280,-525488,3697,-505,-11039,65056,3987768
982969,1518793,-527732,4095,983,-10957,65056,3987297
982655,1518033,-529767,3437,-384,-11937,65056,3986104
982672,1517818,-531668,3711,-218,-11970,65056,3986557
982497,1517616,-533603,4339,348,-12159,65040,3987085
982313,1517459,-535685,3469,-501,-12213,65040,3985567
982291,1517254,-537756,4162,-1602,-12617,65040,3985372
982240,1517664,-539717,3961,-787,-11689,65040,3987276
982368,1517454,-541518,3184,474,-12389,65040,3987133
982548,1518823,-543637,3388,-183,-11672,65040,3987550
982668,1517284,-545344,4388,913,-10483,65040,3986835
982293,1516239,-547406,1244,-126,-13326,65040,3985847
982254,1516838,-549431,3560,-52,-12013,65040,3987363
982116,1516932,-551425,4210,983,-11339,65040,3987768
982303,1518533,-553347,2840,-556,-11726,65040,3988323
982372,1516657,-555203,3586,16,-11770,65024,3987585
982163,1518109,-557366,3291,-32,-13057,65024,3986824
981980,1517752,-559295,4391,427,-11762,65024,3988031
982007,1517862,-561147,4149,525,-11905,65024,3987133
981813,1516167,-563065,4056,397,-11788,65024,3987558
981512,1518042,-564982,2970,230,-12109,65024,3986814
981494,1516902,-566676,3699,-243,-12113,65024,3987360
981458,1515963,-568532,3822,500,-11495,65024,3988256
981311,1515381,-570375,4204,231,-11660,65024,3987810
981314,1515172,-572246,3644,109,-11584,65024,3988119
981208,1514753,-574027,3990,103,-11780,65024,3987640
981025,1514709,-575852,4096,134,-11747,65024,3987571
981147,1515241,-577624,3604,-758,-11787,65008,3988014
981086,1515162,-579492,3861,-346,-11719,65008,3988351
980963,1514078,-581347,3933,44,-11850,65008,3987607
980972,1514436,-583074,4062,-33,-11789,65008,3987876
980890,1513210,-584596,3962,-660,-11194,65008,3987308
980652,1513756,-586248,3962,-9,-11778,65008,3987569
980464,1514073,-587866,4209,597,-12039,65008,3987861
980399,1514463,-589440,3956,-280,-10808,65008,3986589
980399,1514463,-589440,3956,-280,-10808,65008,3986589
980414,1514506,-591170,4133,-401,-11756,65008,3987520
980353,1514595,-592865,4016,974,-11825,65008,3988565
980353,1514999,-594636,4357,1207,-12151,65008,3986904
980169,1514949,-596450,3814,-132,-11914,65008,3987579
980118,1514725,-598123,4023,-660,-11811,64992,3987388
980158,1513726,-599871,3858,-10,-11752,64992,3988065
980041,1514082,-601654,3732,-1190,-12370,64992,3987142
979914,1513486,-603450,3884,159,-12008,64992,3988363
979796,1513246,-605000,3953,186,-11746,64992,3988248
979740,1514194,-606674,3998,22,-11748,64992,3988355
979441,1514845,-608310,3263,859,-11724,64992,3988094
979543,1512698,-609972,3495,52,-11759,64992,3988986
979546,1512357,-611569,3759,272,-11830,64992,3989310
979442,1510575,-613145,3992,-483,-11866,64992,3988603
979114,1512715,-614757,3794,52,-11757,64976,3988109
979014,1513778,-616430,3746,98,-11765,64976,3988002
978629,1514177,-618073,3020,-237,-11814,64976,3987518
978645,1514401,-619736,3376,521,-11716,64976,3988353
978636,1514724,-621324,3773,18,-11765,64976,3988252
978647,1515021,-622883,3422,-571,-12019,64976,3989723
978823,1513640,-624549,4044,-189,-11876,64976,3988285
978568,1514271,-626069,4079,204,-11742,64976,3988779
978583,1514530,-627593,3393,337,-12009,64976,3989246
978462,1514381,-629064,3801,-883,-11603,64976,3987791
978269,1514980,-630555,3760,540,-11624,64976,3987810
978320,1514952,-632178,3582,137,-11555,64976,3988834
978141,1514770,-633875,3657,-499,-12116,64976,3988077
977903,1513555,-635325,3885,-81,-11872,64960,3988109
977893,1514152,-636738,3992,-128,-11565,64960,3988027
977896,1514630,-638252,4084,76,-11820,64960,3987874
977729,1514836,-639910,4145,-82,-11561,64960,3988836
977726,1512085,-641419,4253,-2426,-11850,64960,3987859
977723,1512044,-642958,4195,-519,-11894,64960,3988105
977489,1513657,-644494,3959,30,-11788,64960,3988065
977490,1515210,-645859,4293,-1130,-10769,64960,3987094
977544,1514932,-647402,4360,-754,-11984,64960,3988031
977476,1513915,-648827,3962,206,-11719,64960,3988487
977431,1513101,-650224,4092,-335,-11669,64960,3988029
977237,1514215,-651876,3984,-2,-11789,64960,3988597
977182,1513232,-653377,3970,-63,-12041,64960,3988818
977108,1510537,-654718,3989,-236,-11118,64944,3988089
977116,1508727,-656036,4351,-1673,-11146,64944,3988547
976871,1508274,-657529,4121,-73,-11805,64944,3989019
976873,1509561,-658912,3902,-145,-11914,64944,3989051
976917,1509730,-660420,4019,-140,-11902,64944,3988754
976880,1511023,-661898,4041,125,-11804,64944,3988847
976861,1510113,-663253,4010,116,-11796,64944,3989336
976686,1508963,-664604,3702,60,-11592,64944,3988594
976744,1509689,-665981,4185,693,-11571,64944,3988538
976635,1511225,-667411,4032,-388,-11809,64944,3989720
976627,1509652,-668841,4207,412,-11945,64944,3988246
976631,1512084,-670408,3772,320,-11031,64944,3990296
976738,1510016,-671673,3808,202,-11824,64944,3989978
976556,1509838,-673003,4070,327,-11996,64944,3989794
976506,1508661,-674405,4015,-799,-11871,64928,3988771
976373,1509132,-675811,4064,105,-11731,64928,3989809
976259,1508705,-677108,4160,-998,-12011,64928,3989995
975948,1508109,-678398,3441,-22,-11594,64928,3988782
975775,1508672,-679885,3491,-1165,-12047,64928,3988527
975597,1509494,-681166,3572,536,-11623,64928,3988570
975538,1508812,-682448,3931,-1014,-11921,64928,3989534
975510,1509075,-683767,3978,106,-11788,64928,3989257
975601,1509511,-685218,4321,4,-12163,64928,3988804
975397,1508398,-686580,3321,-750,-11690,64928,3988334
975096,1509492,-687919,3992,-389,-11724,64928,3989006
974923,1508701,-689162,3562,576,-11687,64928,3989525
974801,1508194,-690474,3744,245,-11885,64928,3989068
974804,1507441,-691741,3833,1652,-11945,64928,3990506
974678,1507673,-693144,4061,-84,-11728,64928,3989806
974662,1507393,-694562,3949,488,-11602,64912,3990065
974662,1507393,-694562,3949,488,-11602,64912,3990065
974609,1507371,-695899,4034,-79,-11964,64912,3988821
974781,1507388,-697072,2982,-52,-12218,64912,3991265
974795,1505129,-698245,4367,108,-11119,64912,3988849
974906,1507478,-699589,3871,-31,-11894,64912,3990309
974726,1507858,-700709,4182,-1350,-12149,64912,3990757
974780,1507967,-701845,3178,-1729,-12482,64912,3991274
974839,1507629,-703110,4078,-376,-11880,64912,3990244
974559,1507429,-704165,4747,1027,-12702,64912,3990526
974719,1509958,-705217,4244,202,-11014,64912,3990199
974777,1508924,-706272,3602,-186,-12270,64912,3990803
974721,1508530,-707515,3919,-1462,-11998,64912,3991257
974544,1507718,-708600,3938,-148,-11793,64896,3990515
974495,1507409,-709793,4029,-1048,-11736,64896,3990054
974416,1504871,-711024,4031,-981,-11793,64896,3990042
974483,1505841,-712346,4450,-722,-12058,64896,3989960
974433,1506959,-713577,3944,-413,-11696,64896,3990778
974488,1506875,-714736,4185,-794,-11723,64896,3990460
974498,1507238,-715930,4033,273,-11792,64896,3990805
974351,1507636,-717109,3786,555,-11808,64896,3990458
974132,1507691,-718393,4099,-14,-11684,64896,3991427
973941,1504322,-719632,3993,-108,-11854,64896,3990733
973829,1505363,-720629,3878,-633,-11559,64896,3990790
973767,1504051,-721696,4002,-356,-12087,64896,3991267
973629,1505464,-722938,3914,-309,-11933,64896,3990494
973576,1504319,-723988,4040,13,-11788,64896,3990559
973629,1506177,-725371,3733,-1041,-11182,64880,3991057
973579,1506988,-726609,3852,-935,-11128,64880,3991505
973564,1507363,-727679,3829,-792,-12035,64880,3991957
973500,1504923,-728791,4056,-117,-11809,64880,3991028
973507,1505748,-729717,3546,2865,-13340,64880,3992480
973637,1504373,-730837,4064,174,-11875,64880,3991438
973565,1503493,-731976,3891,-313,-11951,64880,3990307
973400,1505406,-733191,3848,94,-11918,64880,3990815
973274,1506839,-734502,3589,2700,-13087,64880,3990014
973137,1506918,-735712,3774,-767,-12286,64880,3990939
973193,1503337,-736669,3738,890,-12217,64880,3991703
973216,1502861,-737699,4182,-94,-11723,64880,3990778
973132,1505158,-738801,3901,919,-11791,64880,3990765
973280,1503850,-739993,3539,163,-11625,64880,3991492
973160,1505237,-741147,3833,-409,-11770,64880,3991286
973012,1503771,-742140,3798,-745,-11472,64864,3990695
972774,1505322,-743288,4693,805,-11392,64864,3991736
972846,1506350,-744315,4346,-109,-11623,64864,3990500
972534,1506666,-745316,3378,-362,-11746,64864,3990725
972279,1507003,-746290,4363,63,-12035,64864,3991297
972224,1506836,-747316,3871,-1924,-11356,64864,3990460
972120,1504914,-748310,4012,-88,-11766,64864,3991230
972058,1503534,-749159,4088,-562,-11197,64864,3990014
971920,1505018,-750302,3926,-567,-11958,64864,3990469
971748,1506417,-751532,3140,1607,-13197,64864,3989026
971611,1506959,-752637,3910,-51,-12072,64864,3990015
971572,1507183,-753750,3905,142,-11702,64864,3990956
971378,1507322,-754697,4462,330,-11982,64864,3990994
971198,1507584,-755684,3595,607,-11609,64864,3989551
971010,1508650,-756589,4741,583,-12628,64864,3991219
970819,1508345,-757547,4818,-1952,-12209,64848,3991185
970528,1508119,-758425,3064,607,-11262,64848,3989224
970327,1507626,-759472,3646,-62,-11620,64848,3989289
970202,1507513,-760722,3677,-38,-12852,64848,3988560
970203,1507693,-761692,4253,630,-11819,64848,3989317
970097,1505110,-762621,3892,-1007,-11533,64848,3988984
969914,1506010,-763597,3120,-1980,-11486,64848,3988787
969784,1506849,-764437,3825,285,-11354,64848,3989462
969725,1506919,-765609,4045,-574,-12187,64848,3989806
969849,1505109,-766687,4299,419,-11990,64848,3989771
969798,1506382,-767494,3865,-488,-11918,64848,3990294
969773,1506826,-768565,3853,142,-11261,64848,3990771
969738,1507495,-769565,3916,-1379,-11674,64848,3990767
969795,1507383,-770399,3894,76,-11869,64848,3990479
969780,1507433,-771418,3910,54,-11752,64832,3990511
969780,1507433,-771418,3910,54,-11752,64848,3990511
969536,1507418,-772451,3285,-191,-12104,64832,3989800
969411,1505061,-773455,3986,19,-11827,64832,3990039
969349,1507370,-774280,4040,92,-11428,64832,3989794
969362,1507094,-775152,4031,47,-11816,64832,3990256
969177,1507225,-776047,4318,267,-11945,64832,3990479
969047,1507360,-777040,4067,-31,-11715,64832,3990038
968803,1507951,-778083,3555,1277,-12119,64832,3989588
968681,1507793,-778965,4014,274,-11959,64832,3990021
968559,1507896,-779799,4205,-896,-12243,64832,3990469
968315,1507779,-780822,4425,-136,-11483,64832,3990267
968253,1507622,-781692,3963,-36,-11789,64832,3989800
968076,1505390,-782535,4008,15,-11826,64832,3989512
968155,1506455,-783503,4241,162,-11901,64832,3989769
967883,1503763,-784413,3812,172,-11762,64832,3989747
967906,1503403,-785178,3504,-660,-12247,64816,3990748
968032,1501876,-786276,3331,-137,-11288,64816,3990988
967768,1501550,-787162,2515,3679,-11728,64816,3989300
967645,1501156,-788106,3883,199,-11738,64816,3990010
967596,1502245,-788982,3920,-1128,-11801,64816,3990731
967357,1500816,-789912,2935,-2628,-12274,64816,3989077
967234,1500406,-790919,3918,-207,-11976,64816,3990302
967093,1498954,-791845,4213,318,-11625,64816,3990803
966856,1498570,-792712,4184,-373,-11874,64816,3989972
966870,1500519,-793664,3903,12,-11693,64816,3990273
966848,1498956,-794469,4218,-1039,-11450,64816,3989573
966623,1498073,-795287,3444,-707,-11570,64816,3989527
966547,1497977,-796473,3984,-68,-11886,64816,3989798
966304,1499095,-797361,3419,522,-11962,64816,3989487
966194,1498638,-797987,3683,2033,-10286,64816,3988787
966051,1497865,-798724,3761,-959,-11391,64816,3988757
965939,1500071,-799740,4179,104,-11105,64816,3990542
965872,1499232,-800542,4058,-1431,-11959,64816,3990697
965767,1497377,-801527,3960,183,-12297,64816,3989284
965647,1496301,-802333,3905,361,-11701,64816,3989094
965505,1497900,-803312,4157,253,-11496,64816,3990270
965529,1496952,-804191,3921,-686,-11769,64800,3990468
965699,1495077,-805031,3018,-729,-11654,64800,3990721
965582,1496219,-805908,3988,-239,-11518,64800,3990717
965577,1496649,-806597,3808,752,-12191,64800,3990786
965521,1496986,-807215,4060,-87,-11557,64800,3989573
965585,1497370,-808131,3784,-371,-11742,64800,3990546
965326,1497456,-808730,4228,-156,-12111,64800,3990266
965019,1496283,-809670,3353,-99,-11833,64800,3989506
964917,1497094,-810412,3854,-165,-11949,64800,3990231
964593,1497587,-811098,2590,1445,-11438,64800,3989068
964543,1496591,-812067,3843,116,-11619,64800,3990264
964341,1495947,-812702,4178,7,-12018,64800,3990316
964110,1495227,-813323,3658,-465,-11428,64800,3989531
964115,1496469,-814186,3924,-199,-11579,64800,3989785
963991,1496991,-814713,3804,-9,-10729,64800,3989231
963982,1496354,-815509,3790,-1446,-11471,64800,3990695
963999,1495527,-816305,4287,-515,-11745,64800,3989287
963733,1496726,-816874,4274,-695,-12147,64800,3990027
963747,1496853,-817620,4260,-974,-11577,64784,3989240
963736,1494368,-818198,3969,321,-11787,64784,3989976
963619,1495056,-819084,3996,403,-11934,64784,3989796
963680,1496230,-819621,4382,404,-11234,64784,3989270
963808,1496640,-820501,3559,286,-11693,64784,3990493
963859,1494712,-821146,3997,202,-11590,64784,3989835
963855,1494539,-821971,4028,-395,-11856,64784,3990049
963995,1494556,-822668,3310,601,-11908,64784,3991271
963867,1492293,-823187,3820,-146,-11381,64784,3990274
963878,1492336,-824030,4013,10,-11703,64784,3990779
963805,1491998,-824693,4106,1152,-11891,64784,3990750
963621,1494199,-825706,4378,1394,-10811,64784,3990775
963693,1495359,-826706,3469,1134,-10922,64784,3990767
963557,1496287,-827323,4049,149,-11734,64784,3990535
963393,1495529,-827835,3880,-321,-11284,64784,3990028
963248,1495546,-828652,4339,-1096,-11283,64784,3990772
963137,1495072,-829415,4178,919,-11676,64784,3990691
963137,1495072,-829415,4178,919,-11676,64768,3990691
963001,1496307,-830260,4116,-108,-11679,64768,3990280
962952,1495706,-830740,4068,-3,-11849,64768,3990042
962780,1496428,-831423,3975,-73,-11751,64768,3989306
962526,1496952,-832174,4087,-100,-11728,64768,3990020
962395,1495873,-833043,3852,-210,-12081,64768,3989464
962230,1496747,-833716,4354,-639,-11981,64768,3990303
962038,1497267,-834644,3453,629,-13121,64768,3988622
961968,1496404,-835325,4032,-25,-11958,64768,3989548
961978,1497224,-835901,4473,1709,-11193,64768,3988598
961988,1497051,-836637,3857,992,-11642,64768,3990447
962044,1495843,-837409,4614,-1319,-12287,64768,3988808
961986,1496761,-838024,4056,546,-11474,64768,3988982
961863,1496992,-838737,3967,-199,-11834,64768,3989513
961926,1496348,-839322,3689,-1015,-12074,64768,3990474
961970,1495746,-839963,3865,-185,-11912,64768,3989996
961902,1496654,-840525,4021,179,-11649,64768,3989761
961669,1494619,-841319,4471,153,-11265,64768,3990470
961544,1494835,-841827,3755,4,-11159,64768,3989320
961601,1492691,-842409,3757,-97,-12002,64768,3990316
961478,1493986,-842843,3954,323,-11529,64752,3989527
961246,1495574,-843746,3935,31,-11831,64752,3989478
961183,1496423,-844119,3991,-37,-11945,64752,3989357
961054,1496860,-844769,3756,-164,-11689,64752,3988857
960808,1496102,-845645,3180,417,-12858,64752,3988597
960521,1495687,-846378,4438,-179,-11795,64752,3989333
960276,1496728,-847090,3916,-77,-11978,64752,3989324
960034,1496039,-847871,3620,225,-12121,64752,3988767
959894,1495239,-848581,3906,-66,-11976,64752,3988991
960010,1496266,-849211,4335,-194,-11872,64752,3988794
959777,1494499,-849736,3730,-21,-11743,64752,3989517
959590,1493405,-850410,4042,177,-11631,64752,3989316
959484,1494437,-850769,4077,-1472,-12865,64752,3990039
959467,1495034,-851149,4101,412,-11510,64752,3989015
959337,1494959,-851707,4003,-132,-11791,64752,3989467
959182,1492439,-852323,3711,-1179,-11835,64752,3988542
958853,1493722,-852876,4054,-214,-11839,64752,3989311
958619,1493177,-853389,3630,149,-11652,64736,3988842
958318,1495673,-854069,4422,-1449,-11445,64736,3989105
958380,1494369,-854934,3550,68,-11253,64736,3989067
958248,1493456,-855536,3665,39,-11496,64736,3988046
958255,1493804,-855950,4093,-330,-11555,64736,3988549
958381,1495467,-856455,3847,119,-11996,64736,3989299
958327,1494417,-856911,3961,630,-11706,64736,3988555
958187,1494797,-857464,4097,-90,-11912,64736,3988587
958126,1495708,-857983,4071,-251,-11695,64736,3988748
958251,1493834,-858737,4482,-984,-12239,64736,3988338
958248,1494410,-859570,3795,193,-11151,64736,3989292
958124,1494843,-860116,4321,-1477,-11766,64736,3990058
957873,1494978,-860876,3837,61,-11861,64736,3989009
957810,1493848,-861485,4066,10,-12052,64736,3987819
957707,1494137,-862075,3983,-710,-11825,64736,3988328
957453,1494472,-862493,4343,14,-12107,64736,3988762
957447,1496100,-862988,4011,300,-11501,64736,3988288
957154,1495639,-863372,2883,129,-10903,64736,3988006
957162,1494156,-863796,3908,20,-11419,64736,3988325
957088,1494959,-864306,3999,562,-11640,64736,3988563
956973,1492134,-864696,4202,2608,-12567,64736,3989542
956731,1492632,-865280,3448,1041,-11851,64720,3988315
956713,1491419,-865810,4088,141,-11775,64736,3988258
956531,1491944,-866279,3478,50,-11278,64720,3987632
956298,1492212,-866930,4627,65,-11413,64720,3989252
956223,1491207,-867550,3953,39,-12091,64720,3987607
956064,1493381,-867934,3691,1947,-11109,64720,3987085
956103,1494413,-868619,3688,-1037,-11147,64720,3988369
956043,1495563,-869368,4013,2160,-10263,64720,3989313
956116,1495086,-869858,4439,-660,-11576,64720,3987336
956066,1496466,-870338,4067,874,-11672,64720,3987386
956299,1495781,-871178,5275,-82,-13114,64720,3987785
956430,1495564,-871943,3269,-269,-10797,64720,3988526
956419,1496852,-872250,3654,-1421,-12079,64720,3988842
956419,1496852,-872250,3654,-1421,-12079,64720,3988842
956432,1496094,-873012,4203,125,-12423,64720,3988355
956356,1494880,-873535,4047,930,-11632,64720,3988285
956055,1494676,-873990,3882,-66,-11733,64720,3988599
956063,1493729,-874540,3852,-167,-11626,64720,3988538
955998,1494300,-875130,4024,-5,-11645,64720,3988578
955987,1493713,-875590,4433,1528,-11628,64720,3987274
956242,1494094,-876005,3587,47,-11849,64704,3988790
956232,1493155,-876343,3290,1534,-13121,64704,3989765
956173,1493859,-876742,3957,151,-12003,64704,3988838
956173,1493450,-877237,4456,1389,-11886,64704,3987834
956053,1492918,-877634,4220,176,-12102,64704,3989297
955683,1492631,-878057,3634,-81,-11712,64704,3988246
955701,1493822,-878513,3447,-510,-11871,64704,3988833
955860,1495967,-878850,3834,-51,-11783,64704,3988758
955934,1494541,-879478,4515,460,-12827,64704,3987777
955863,1493561,-879938,3918,-424,-11017,64704,3987088
955625,1495455,-880410,4521,-544,-11966,64704,3988755
955576,1496156,-880927,4030,-662,-11687,64704,3987787
955376,1495401,-881321,4658,919,-12347,64704,3988989
955456,1495955,-882000,4993,-3228,-13081,64704,3986813
955628,1496713,-882311,3061,34,-12277,64704,3988853
955690,1496076,-882632,3700,-138,-12167,64704,3988729
955435,1495861,-883007,4088,-522,-12218,64704,3988520
955146,1496281,-883684,2254,-2282,-13042,64704,3986866
955077,1496986,-884228,3871,-616,-11890,64704,3988605
955130,1495958,-884847,3802,45,-11608,64704,3988339
955021,1496564,-885467,4091,164,-11477,64704,3988359
955139,1495575,-886120,3619,347,-11453,64704,3988981
955089,1495067,-886252,4020,-630,-10336,64688,3988019
954965,1494811,-886908,3695,-1036,-12798,64688,3987523
954651,1496164,-887421,3147,280,-11793,64688,3988275
954720,1495348,-887980,3318,1213,-11522,64688,3989351
954419,1494329,-888454,3273,1122,-11725,64688,3988088
954459,1493708,-888789,3441,-805,-12271,64688,3989494
954404,1491674,-889252,4003,45,-11892,64688,3989063
954359,1491262,-889770,4090,11,-11824,64688,3988985
954101,1491055,-889959,2175,3793,-8703,64688,3987051
953908,1490321,-890686,4307,843,-10703,64688,3988826
953784,1491346,-891207,3850,91,-12016,64688,3988264
953622,1490879,-891404,4255,-350,-12459,64688,3988801
953609,1490544,-892098,4090,95,-11791,64688,3988746
953555,1490629,-892438,4066,-675,-11831,64688,3989051
953738,1490568,-893039,4665,723,-12240,64688,3988296
953983,1490414,-893580,4274,19,-11820,64688,3988115
954046,1492892,-893994,3361,-827,-11497,64688,3989290
954163,1491572,-894260,4290,-81,-11315,64688,3988582
954111,1490764,-894527,3747,766,-13375,64688,3989969
953844,1491418,-895263,3567,-187,-12447,64688,3988719
953729,1490722,-895885,3704,-250,-13064,64688,3988019
953490,1490520,-896371,4779,-359,-11836,64688,3989753
953299,1490362,-896759,3806,179,-11806,64688,3988527
953247,1490340,-897250,4045,377,-11982,64688,3988300
953257,1490239,-897734,4097,120,-11793,64672,3988569
953262,1490220,-897993,4166,66,-11567,64672,3988573
953113,1490221,-898471,4039,3,-11856,64672,3988607
953128,1490459,-898771,4256,794,-11564,64672,3988252
953130,1491613,-899078,4064,-31,-11867,64672,3988763
953110,1489941,-899704,4241,831,-12652,64672,3988338
953068,1490012,-900172,4051,-109,-11633,64672,3989076
952934,1489611,-900602,3901,-1260,-11819,64672,3988277
952930,1489945,-901068,3925,-612,-11684,64672,3989303
953007,1489678,-901336,4283,-639,-11473,64672,3988544
952753,1490180,-901638,4500,-776,-12306,64672,3989316
952590,1490358,-901970,4154,-381,-11871,64672,3988782
952258,1490430,-902428,2277,1885,-12020,64672,3987539
952458,1490391,-902842,3619,280,-11848,64672,3988765
952623,1490217,-903297,3380,-94,-11745,64672,3989057
952441,1489504,-903660,4012,-1346,-11745,64672,3989299
952223,1488190,-904151,4086,667,-11685,64672,3989009
952023,1489057,-904746,3367,-265,-12978,64672,3987586
952023,1489057,-904746,3367,-265,-12978,64672,3987586
951836,1489193,-905199,4085,192,-11940,64672,3988353
951914,1489835,-905463,2913,-2289,-13174,64672,3990079
951917,1487382,-906048,4017,-243,-11883,64672,3988523
952031,1488539,-906576,3855,71,-11676,64656,3988780
951916,1489119,-906953,3805,-174,-11646,64672,3987873
951594,1489647,-907118,3161,508,-11038,64672,3988029
951605,1488421,-907625,4030,-386,-11731,64656,3988121
951537,1489211,-907751,4119,-285,-13392,64656,3989562
951709,1489294,-908083,4972,-1165,-11589,64656,3988027
951663,1488328,-908480,3953,-253,-11860,64656,3987876
951794,1489141,-908699,3325,-164,-12416,64656,3989768
951893,1485638,-909316,4289,-1211,-12654,64656,3988325
951835,1487603,-909463,3968,301,-11586,64656,3988981
951770,1487408,-909849,4088,0,-11717,64656,3988985
951418,1487328,-909934,3679,-60,-11603,64656,3988510
951245,1488399,-909978,4317,870,-13093,64656,3989551
951185,1488495,-910342,3999,1,-11427,64656,3988561
951119,1489405,-910832,4128,477,-11907,64656,3988040
950934,1488525,-910973,3603,343,-10835,64656,3987556
950803,1489268,-911354,4069,33,-11579,64656,3988502
950939,1487444,-911883,4139,177,-11820,64656,3988039
950922,1488501,-912319,3897,173,-11489,64656,3988594
950821,1489429,-912690,4221,-761,-11750,64656,3989276
951059,1488371,-913083,2427,585,-11572,64656,3989046
951045,1489908,-913378,4212,-2904,-11245,64656,3987136
950809,1489978,-913646,4104,85,-11890,64656,3988492
950930,1489090,-913999,4219,456,-11653,64656,3988330
950939,1488544,-914382,4048,302,-11867,64656,3988269
950866,1487920,-914969,4079,919,-10748,64640,3989273
950852,1488971,-915204,4167,213,-11599,64640,3988573
950810,1487229,-915552,4232,63,-11696,64640,3987789
950575,1488853,-915841,3988,83,-11795,64640,3988573
950378,1488180,-916328,3915,193,-11776,64640,3988580
950121,1486605,-916648,4154,39,-11974,64640,3988750
949818,1487267,-916932,3093,781,-11587,64640,3988248
949572,1486334,-917399,3449,567,-11909,64640,3987804
949594,1486820,-917762,3676,258,-11853,64640,3989009
949518,1485930,-918034,4062,-175,-11503,64640,3987539
949450,1485511,-918168,4181,71,-12856,64640,3989240
949346,1486705,-918515,4248,-838,-11714,64640,3989015
949163,1485635,-918835,3898,-448,-11764,64640,3987827
949221,1486511,-919269,4219,-99,-11911,64640,3987812
949233,1488245,-919694,3829,-370,-11447,64640,3988529
949146,1488882,-920136,4035,-582,-12036,64640,3987876
948966,1485783,-920399,4638,499,-12162,64640,3988830
949032,1487763,-920686,4360,-36,-11734,64640,3987861
949025,1486425,-921000,3864,112,-11785,64640,3988567
948928,1487517,-921352,4054,-1595,-11851,64640,3987871
948841,1486615,-921645,4208,-842,-11880,64640,3988327
948725,1488244,-921789,4268,-171,-12373,64640,3988265
948684,1488950,-922352,4085,107,-11536,64640,3988014
948474,1489515,-922776,4017,32,-11739,64624,3987760
948550,1489647,-923130,3730,257,-11755,64624,3988243
948429,1489709,-923357,4125,229,-11915,64624,3987836
948298,1489801,-923819,4196,-12,-11473,64624,3988298
948196,1490427,-923978,3986,1987,-11211,64624,3987138
947986,1489368,-924277,3428,1762,-11738,64624,3986869
948062,1488330,-924526,3926,277,-11823,64624,3987869
948062,1487779,-925080,4111,-20,-12126,64624,3987623
948000,1488045,-925574,4085,120,-11726,64624,3987546
948010,1488834,-926045,3749,454,-11216,64624,3988739
948112,1488612,-926436,3811,-574,-11602,64624,3988054
947926,1489074,-926612,4287,507,-12096,64624,3988502
947748,1488221,-926926,4177,9,-11623,64624,3988079
947807,1487993,-926982,3450,-551,-12922,64624,3988529
947800,1487698,-927321,3720,463,-11998,64624,3988599
947762,1488452,-927565,4134,-410,-11679,64624,3987348
947641,1488085,-928044,4377,-225,-11164,64624,3988540
947624,1487408,-928491,4280,-1630,-12379,64624,3987344
947708,1487940,-928695,3303,-2961,-12359,64624,3989337
947708,1487940,-928695,3303,-2961,-12359,64624,3989337
947583,1485523,-929016,4097,-274,-11859,64624,3988117
947458,1485335,-929200,4316,-259,-12156,64624,3988531
947742,1485206,-929690,3201,1,-11419,64624,3988262
947882,1486296,-929997,3677,-58,-11138,64624,3987607
947876,1488355,-930255,3611,-907,-11820,64624,3989006
947944,1485525,-930459,3976,-72,-11772,64624,3988592
948107,1484834,-930722,3534,707,-11792,64624,3989086
948107,1483737,-931250,3559,547,-10753,64624,3989292
948072,1484242,-931560,4109,1,-11689,64624,3988254
948002,1484454,-931972,4136,1401,-10810,64624,3989738
948055,1484612,-932276,3729,245,-11781,64624,3989303
947870,1483889,-932699,3960,221,-11877,64624,3988544
947950,1484421,-932924,3653,188,-12078,64624,3989347
948000,1483724,-933041,3697,-736,-12318,64608,3989295
947706,1484328,-933227,3874,-88,-11886,64608,3988574
947817,1483894,-933393,3584,-675,-11820,64608,3988992
947827,1483463,-933843,3895,-379,-11768,64608,3988353
947929,1485652,-934199,4170,216,-11780,64608,3988504
948227,1483886,-934406,887,1989,-12255,64608,3990543
948187,1483271,-934741,3379,-110,-11433,64608,3989757
948063,1484081,-935227,4005,-3,-11601,64608,3989307
948054,1483597,-935463,4267,1152,-11606,64608,3988052
947949,1484106,-935565,4340,1282,-12852,64608,3989736
947704,1484359,-935847,4414,321,-11745,64608,3989088
947867,1483392,-936201,4728,-310,-12101,64608,3988330
947625,1483293,-936423,3495,623,-11619,64608,3988349
947451,1483755,-936786,3814,-50,-11808,64608,3988557
947516,1483080,-937271,3689,285,-11378,64608,3989013
947448,1485383,-937520,4019,-207,-11575,64608,3988773
947252,1485386,-937688,4019,53,-11706,64608,3988508
947008,1483831,-938159,2755,-1962,-13219,64608,3987310
946973,1483137,-938599,4065,-302,-12379,64608,3988315
947093,1482801,-938749,3516,-71,-12200,64608,3989337
947205,1482773,-938782,4133,166,-11684,64608,3988531
947209,1482651,-938962,4194,-271,-11801,64608,3988330
946827,1482464,-939290,2520,-444,-12276,64608,3987617
946953,1484724,-939751,3738,-160,-12156,64592,3988563
946847,1485006,-939962,3930,-180,-11632,64608,3988506
946777,1484707,-940148,4061,-361,-11652,64592,3988008
946728,1485178,-940250,4039,-959,-12162,64592,3989034
946711,1483961,-940622,4277,0,-12195,64592,3988075
946485,1484504,-940715,3660,495,-11357,64592,3987791
946483,1483431,-940957,3810,482,-11556,64592,3988822
946350,1482669,-941017,4042,-260,-11554,64592,3988307
946415,1482530,-941401,4042,-71,-11581,64592,3988744
946339,1482514,-941670,4070,-27,-11609,64592,3988595
946157,1484027,-941861,4410,-1163,-11918,64592,3988771
945985,1483398,-942058,4279,113,-11838,64592,3988840
945791,1483065,-942454,4030,30,-11757,64592,3988296
945626,1482288,-942678,3711,-1678,-12007,64592,3987293
945562,1483715,-942820,4096,328,-11608,64592,3987516
945498,1483098,-943169,4132,-11,-11759,64592,3988080
945568,1482812,-943336,4653,-146,-11353,64592,3987360
945484,1482826,-943412,4050,769,-11181,64592,3987281
945249,1482857,-943693,3950,132,-11852,64592,3987852
945198,1482659,-944118,4054,104,-12033,64592,3987812
945194,1482654,-944414,3778,-772,-11374,64592,3989076
945057,1482323,-944658,4372,1164,-11766,64592,3988985
944934,1482323,-944736,4056,-119,-11594,64592,3988056
944761,1482509,-944808,3891,296,-11496,64592,3987842
944588,1482528,-945136,4205,0,-11534,64592,3988573
944705,1481419,-945468,4586,125,-12149,64592,3987758
944768,1482060,-945611,4707,729,-11334,64592,3987279
944951,1482130,-945954,3983,-162,-11893,64592,3988328
944688,1482288,-946118,2478,61,-11264,64592,3987318
944573,1482425,-946294,4003,-58,-11799,64592,3988756
944209,1482457,-946483,3189,16,-11625,64576,3987771
944031,1482191,-946912,3240,-1172,-12469,64576,3987274
943974,1482260,-947158,3992,-487,-11944,64576,3987792
944079,1481259,-947270,3859,-107,-11973,64576,3988357
944079,1481259,-947270,3859,-107,-11973,64576,3988357
944159,1481749,-947392,3622,254,-12125,64576,3988595
943966,1481762,-947608,4069,220,-11898,64576,3988075
943959,1482100,-947715,4013,-66,-11905,64576,3988283
943897,1482242,-947970,4123,-3,-11849,64576,3988006
943897,1482361,-948150,3938,0,-11889,64576,3988300
943716,1483795,-948406,3808,556,-11951,64576,3987573
943606,1483008,-948436,4063,-49,-11671,64576,3987777
943676,1482229,-948636,3712,1297,-11900,64576,3988523
943714,1482200,-948650,4127,100,-11634,64576,3988039
943531,1482877,-948818,3734,1994,-11775,64576,3987375
943470,1482833,-948880,4089,341,-11586,64576,3987545
943409,1482631,-949272,4142,46,-11693,64576,3988016
943348,1482532,-949169,4118,726,-14034,64576,3989021
943348,1482562,-949430,4218,-6,-11848,64576,3987611
943409,1482853,-949449,4974,1854,-10473,64576,3986621
943103,1482743,-949588,3879,-59,-11925,64576,3987857
943235,1482476,-949843,3662,170,-11611,64576,3988042
943245,1482553,-950157,3671,99,-11339,64576,3988506
943119,1482788,-950278,4442,-2583,-12480,64576,3989233
943104,1482737,-950575,3867,-214,-11286,64576,3988828
943165,1482824,-950834,3984,-138,-11741,64560,3988069
942982,1482868,-950971,3995,27,-11741,64576,3987810
942799,1482768,-951195,4201,-51,-11702,64560,3988046
942738,1482804,-951512,4118,-167,-11538,64560,3988275
942614,1481280,-951665,4042,-419,-11738,64560,3987358
942694,1481919,-951815,4294,141,-11709,64576,3987845
942559,1479851,-952017,4168,-26,-11837,64576,3987871
942253,1481084,-952403,3569,-64,-12155,64560,3987335
942387,1481479,-952798,3139,951,-11202,64560,3988603
942554,1480687,-953080,4457,-147,-11974,64560,3987279
942624,1481299,-953224,3828,148,-11564,64560,3987859
942552,1481494,-953360,4009,463,-11886,64560,3987876
942559,1481943,-953478,3834,89,-12222,64560,3988521
942814,1481729,-953500,1560,3288,-12975,64560,3989027
942738,1480844,-953664,3693,325,-12090,64560,3987564
942616,1481439,-953897,3904,-287,-12052,64560,3987556
942431,1480338,-953991,4725,2516,-12564,64560,3989000
942570,1479757,-954200,3666,593,-11656,64560,3988327
942495,1479666,-954212,3997,-232,-11261,64560,3987380
942446,1481059,-954364,4063,-123,-11702,64560,3988550
942394,1481517,-954568,4142,487,-11808,64560,3988248
942555,1482281,-954695,3610,-625,-11881,64560,3988126
942494,1482719,-954791,3955,702,-11628,64560,3987340
942250,1482509,-955077,4920,858,-11339,64560,3988817
942249,1482284,-955472,4084,-258,-12052,64560,3987585
942136,1482394,-955672,3991,-19,-11738,64560,3987512
942086,1482230,-955725,4172,-1452,-10873,64560,3986352
941960,1482255,-955945,4096,-100,-11775,64560,3987297
941822,1482702,-956274,3638,2395,-12730,64560,3986402
941944,1482436,-956457,5104,-917,-11765,64560,3986812
941700,1482389,-956779,3646,183,-12031,64560,3987108
941648,1482260,-957137,3991,65,-11941,64544,3987798
941596,1481381,-957194,4196,1180,-11203,64544,3986778
941519,1481693,-957280,4167,-20,-11791,64544,3987630
941586,1482245,-957683,4654,788,-12707,64544,3986906
941333,1482584,-957904,4070,-177,-11599,64544,3987131
941223,1484928,-958062,3989,166,-11779,64544,3987350
941349,1483985,-958100,3409,-477,-12156,64544,3987855
941212,1483365,-958502,4090,-244,-11309,64544,3987869
941029,1483159,-958890,4295,-400,-11553,64544,3987817
940846,1483025,-958822,4472,-585,-12931,64544,3988016
940785,1482857,-959025,4131,21,-11725,64544,3987306
940542,1483947,-959168,4842,-226,-11881,64544,3987876
940431,1483120,-959345,3891,-532,-11712,64544,3986606
940419,1482851,-959459,4237,-53,-11682,64544,3986389
940256,1483926,-959747,4520,-402,-11149,64544,3988090
940233,1483622,-960061,4087,-341,-11716,64544,3987146
940258,1483024,-960274,4027,126,-11706,64544,3987133
940237,1484271,-960595,4040,-860,-11439,64544,3987573
940432,1483714,-960762,3301,-694,-11733,64544,3987602
940432,1483714,-960762,3301,-694,-11733,64544,3987602
940441,1483407,-960995,3917,-148,-11786,64544,3987033
940359,1483749,-961077,4089,553,-11887,64544,3987083
940250,1484345,-961287,4248,-138,-11673,64544,3987617
940180,1483722,-961645,4166,-686,-11116,64544,3987775
940197,1483052,-961883,4198,-30,-11909,64544,3986888
940418,1482864,-962152,3667,-24,-11654,64544,3987308
940418,1482858,-962327,3816,8,-11599,64544,3987293
940480,1482898,-962337,2892,-2453,-12855,64544,3989011
940296,1481409,-962655,4334,368,-11342,64544,3987834
940183,1481941,-962479,4259,-80,-12963,64544,3987825
940193,1481983,-962716,4237,-303,-11847,64544,3987100
940249,1481035,-962878,4737,-25,-11696,64528,3986555
940067,1480689,-963079,3641,426,-11993,64544,3986833
939810,1480299,-963121,4828,328,-5724,64544,3988363
939941,1480073,-963546,5185,-475,-5706,64544,3986633
940068,1479945,-963652,3108,760,-11793,64528,3988332
940196,1480345,-963877,4104,610,-11851,64528,3987113
940194,1481251,-964074,3946,-288,-11723,64528,3987302
940117,1481806,-964163,4079,25,-11699,64528,3987129
940066,1480713,-964301,4183,-255,-11770,64528,3987058
940192,1481190,-964501,4586,-1122,-11968,64528,3987079
940180,1480542,-964586,4007,273,-11702,64528,3987358
940200,1481562,-964856,3740,-521,-11299,64528,3988269
940109,1481627,-964953,4016,-1459,-11593,64528,3987355
940004,1479420,-965110,4220,492,-11763,64528,3987846
939688,1479589,-965243,4836,397,-11914,64528,3988071
939626,1481006,-965116,3921,-305,-12280,64528,3988253
939516,1479158,-965151,3947,-863,-11378,64528,3986829
939463,1479690,-965120,4136,-85,-11838,64528,3987805
939334,1478384,-965350,4254,498,-11602,64528,3987768
939147,1478833,-965558,4482,1005,-11672,64528,3987833
938832,1479045,-965636,4041,0,-11858,64528,3987150
938978,1480554,-965861,4196,-513,-11781,64528,3987057
938714,1479458,-966101,3127,1279,-12122,64528,3986834
938467,1478725,-966320,4694,-563,-11356,64528,3988027
938169,1479256,-966507,2753,-250,-12329,64528,3986397
938119,1478624,-966381,3925,-12,-11928,64528,3987273
937920,1478251,-966483,4218,-247,-11901,64528,3987077
937686,1479447,-966566,4498,-1106,-11958,64528,3987603
937563,1477137,-966651,4160,836,-11877,64528,3987043
937608,1478410,-966793,3422,263,-11633,64528,3988006
937680,1479214,-966829,3839,-52,-11926,64528,3987370
937450,1478655,-967045,3261,998,-12203,64528,3986413
937313,1477192,-966999,4337,-1193,-12792,64528,3987565
937310,1478480,-967180,3963,86,-11591,64528,3987282
937312,1477780,-967331,3941,755,-11676,64512,3987612
937374,1477105,-967303,3674,-2289,-12303,64528,3987790
937429,1476341,-967395,3664,-1064,-12079,64512,3987767
937194,1476890,-967667,3658,-2,-12176,64512,3986594
936962,1476328,-967625,3660,485,-11672,64512,3986160
936762,1479310,-967748,3085,1119,-11408,64512,3985636
936776,1477291,-967758,4003,83,-11724,64512,3986552
936705,1477161,-967872,4177,-1107,-11731,64512,3985680
936516,1476099,-968046,3303,-410,-12088,64512,3985596
936590,1475581,-967949,4429,199,-11222,64512,3986296
936643,1475383,-968125,3605,-302,-11738,64512,3987629
936399,1475444,-968374,4309,-388,-11608,64512,3986874
936340,1476706,-968599,4050,172,-11940,64512,3986857
936291,1475684,-968846,4315,-1120,-12595,64512,3985838
936025,1475267,-968788,3356,-307,-11089,64512,3986090
935850,1475034,-968969,4022,-111,-11503,64512,3986834
935667,1474830,-969219,3805,-599,-11991,64512,3985894
935485,1475852,-969462,3741,-713,-12169,64512,3985857
935376,1476202,-969694,4155,280,-11809,64512,3986632
935306,1475647,-969859,4152,-93,-11963,64512,3985859
935172,1476066,-969774,4560,2526,-13253,64512,3987528
935009,1475915,-969997,4307,-631,-11576,64512,3986315
934928,1476470,-970108,4125,-283,-11865,64512,3986098
934765,1475869,-970314,4077,66,-11863,64512,3986168
934684,1476521,-970472,4110,-185,-11934,64512,3986157
934684,1476521,-970472,4110,-185,-11934,64512,3986157
934702,1474489,-970790,3902,472,-11052,64512,3986601
934701,1475549,-970954,3935,1458,-11373,64512,3987090
934437,1475409,-971002,4156,42,-11765,64512,3986107
934257,1476445,-971190,3990,103,-11690,64512,3985875
934278,1476706,-971417,4400,-770,-12142,64512,3985434
934147,1476175,-971517,4150,-15,-11755,64512,3986166
934133,1475877,-971508,4015,-388,-12060,64512,3986395
934203,1476656,-971678,4217,8,-11893,64496,3986065
933910,1476068,-971726,4585,-672,-11923,64512,3986634
934011,1475347,-971722,3753,317,-11763,64512,3986142
934020,1476660,-971683,4287,1387,-11291,64496,3985379
933973,1476966,-971809,3999,482,-11879,64512,3986613
934087,1477003,-971894,3874,273,-11840,64512,3986598
934025,1476389,-972041,4092,837,-11910,64512,3985611
933707,1476886,-971962,3528,-73,-11423,64496,3985432
933606,1477094,-971929,3890,-195,-11292,64496,3985183
933539,1477893,-972140,4118,3,-11678,64496,3985856
933824,1476621,-972270,3197,-97,-11766,64496,3986371
933762,1477279,-972490,3707,-1494,-11157,64496,3986632
933781,1477303,-972577,4233,-215,-11786,64496,3985604
933670,1476469,-972609,4075,367,-11706,64496,3985596
933540,1476734,-972799,4027,-616,-11922,64496,3985320
933301,1476975,-972847,3706,-283,-11614,64496,3985653
933292,1476143,-972943,3976,-189,-11747,64496,3985840
933036,1477131,-972988,3339,1530,-11547,64496,3984630
933029,1479552,-973239,3975,523,-11425,64496,3986151
932922,1477130,-973516,4045,-850,-12162,64496,3985341
932806,1476180,-973677,3896,296,-12020,64496,3984375
932679,1477696,-973649,4166,-69,-11758,64496,3985651
932489,1476245,-973893,3684,-1131,-12250,64496,3984906
932388,1476534,-974026,3968,-1769,-11999,64496,3984199
932387,1478338,-974138,4029,-434,-11722,64496,3985854
932361,1478024,-974391,4269,185,-12157,64496,3984950
932309,1477732,-974400,4257,-492,-11440,64496,3984702
932377,1476622,-974441,3862,-320,-11890,64496,3986138
932241,1475737,-974592,3897,-837,-11982,64496,3984890
931944,1475721,-974650,5280,-1958,-12271,64496,3986311
931639,1476134,-974926,3350,-467,-12073,64496,3984917
931631,1476456,-975227,3689,937,-11316,64496,3986050
931572,1476141,-975120,4087,-27,-11831,64496,3985569
931402,1475734,-975051,4866,-1310,-12959,64496,3986649
931209,1474452,-975174,3792,865,-11706,64496,3984843
931206,1474805,-975413,4271,417,-12276,64496,3984686
931085,1474966,-975607,4269,-93,-11599,64496,3985672
931043,1475206,-975672,4359,945,-11621,64496,3984107
930907,1476898,-975931,4009,1379,-12131,64496,3984919
930858,1475906,-976221,4190,405,-11489,64480,3985339
930717,1476650,-976206,3970,-25,-11478,64496,3984450
930614,1476228,-976079,4220,-335,-11991,64480,3985379
930410,1475905,-976165,4752,-1118,-11615,64480,3985825
930112,1475547,-976086,3158,487,-11266,64480,3984147
930183,1475177,-976077,3783,218,-11644,64480,3984911
930247,1475987,-975916,4205,-289,-11450,64480,3984404
930185,1476615,-975856,4119,221,-12232,64480,3985085
930042,1475845,-975990,3697,18,-11964,64480,3983698
929862,1476740,-976003,4216,-84,-11877,64480,3984871
929699,1475525,-976276,4125,41,-11728,64480,3985167
929556,1475502,-976526,3858,631,-12559,64480,3984131
929258,1475712,-976741,4504,-975,-11615,64480,3984642
929139,1477789,-977034,4096,245,-11774,64480,3984927
928949,1475949,-976902,3624,-2304,-10939,64480,3983958
928907,1475508,-977017,4181,-356,-11657,64480,3983895
928892,1475308,-977103,4126,-100,-11803,64480,3984930
928709,1475070,-977228,3738,-388,-11865,64480,3983963
928649,1476559,-977597,4161,411,-12153,64480,3984593
928417,1475964,-977793,4071,8,-11823,64480,3984629
928396,1475227,-977957,3952,1297,-11566,64480,3985186
928282,1475166,-978106,4241,32,-11702,64480,3984595
928283,1476057,-978218,4058,697,-11742,64480,3985177
928112,1475786,-978523,4543,-483,-11107,64480,3985106
928112,1475786,-978523,4543,-483,-11107,64480,3985106
928091,1475462,-978515,4164,78,-11916,64480,3984589
927793,1475664,-978512,3588,734,-11703,64480,3984364
927671,1475458,-978638,3700,1182,-11863,64480,3983387
927366,1475324,-978568,4569,-155,-12195,64480,3984593
927183,1475093,-978580,4181,234,-11721,64480,3984442
926939,1475118,-978525,4088,-49,-11701,64480,3984204
926756,1475327,-978817,4473,-1014,-10845,64480,3984618
926450,1475136,-979085,4068,154,-11816,64480,3983962
926206,1475331,-979449,4325,-779,-11321,64480,3984210
926145,1475165,-979565,4003,332,-12173,64480,3984196
926084,1475079,-979609,4160,54,-11921,64480,3983670
926023,1475334,-979808,4231,1212,-12365,64480,3982918
926086,1476254,-980084,4181,0,-11752,64480,3984105
926037,1475732,-979992,4184,59,-11504,64480,3983933
926197,1474339,-980028,3832,-96,-11802,64464,3984187
925979,1474866,-979959,4249,-350,-12210,64464,3984620
925846,1473894,-980212,4357,-560,-10666,64464,3984923
925613,1474201,-980333,3631,-585,-11890,64464,3983389
925604,1474289,-980499,3992,542,-11650,64464,3984192
925535,1474329,-980475,4196,-286,-11678,64464,3983670
925291,1474624,-980455,3972,72,-11713,64464,3983389
925047,1474732,-980386,3523,-466,-11226,64464,3983172
925045,1473719,-980177,3933,-125,-12093,64464,3983717
925186,1474172,-980167,4581,-566,-11606,64464,3983155
925115,1474541,-980291,4014,252,-11884,64464,3983876
925238,1474904,-980177,4030,-46,-11897,64464,3983677
925462,1474936,-980446,3906,-118,-12051,64464,3983962
925366,1473748,-980277,3845,87,-11619,64464,3983967
925186,1474042,-980354,3841,-563,-11601,64464,3983441
924992,1473232,-980311,4519,291,-12207,64464,3984450
924635,1473158,-980334,4807,-888,-11824,64464,3983916
924308,1473645,-980520,4475,1472,-11263,64464,3983922
924147,1474161,-980488,3804,-337,-11907,64464,3983242
924179,1473137,-980424,3651,1152,-12371,64464,3984116
923887,1472369,-980483,4306,735,-11912,64464,3983387
923942,1473859,-980355,4495,793,-10980,64464,3982684
923773,1474365,-980516,4201,-160,-11877,64464,3983136
923643,1474697,-980514,4125,-8,-11860,64464,3982968
923643,1474686,-980714,4408,-572,-12184,64464,3982447
923643,1474451,-980893,4314,-575,-11907,64464,3983168
923457,1472354,-980804,4224,116,-11814,64464,3982972
923525,1473346,-980796,3777,661,-11865,64464,3983407
923353,1473956,-980800,4412,672,-12035,64464,3983403
923338,1474530,-980597,4612,750,-9332,64464,3981976
923152,1473866,-980653,4234,-250,-11892,64464,3983246
922843,1473393,-980645,2893,753,-11422,64464,3982239
922862,1473157,-980686,3954,26,-11666,64464,3982918
922606,1474262,-980674,3114,1395,-11309,64448,3982241
922715,1473338,-980823,4236,87,-11764,64464,3982432
922660,1474070,-980958,4090,85,-11661,64464,3982722
922655,1474709,-980876,4254,264,-11510,64448,3982420
922743,1474670,-980995,4124,-6,-11837,64464,3982892
922604,1474061,-980925,4260,-618,-12061,64448,3983454
922377,1472990,-980997,2466,-3758,-11643,64448,3980732
922356,1473815,-980962,4106,-147,-11813,64448,3982743
922482,1474588,-980802,4370,478,-11507,64448,3982222
922434,1474778,-980792,4146,-107,-11881,64448,3981898
922254,1474651,-980758,4623,950,-12478,64448,3983159
922117,1474680,-980979,4368,263,-11258,64448,3983225
922055,1473569,-980782,4211,-86,-11706,64448,3982748
921828,1472932,-980759,5229,621,-12545,64448,3984154
921926,1472775,-980879,3361,-235,-11525,64448,3983698
921814,1472630,-981000,4113,-35,-11727,64448,3982474
921695,1473881,-980980,3926,499,-11399,64448,3981522
921694,1474098,-981042,4139,456,-11758,64448,3982989
921580,1472437,-981094,4083,853,-11817,64448,3982230
921508,1471392,-981414,4236,89,-11999,64448,3982684
921494,1471927,-981538,4330,68,-11885,64448,3982008
921631,1473845,-981690,4157,97,-11803,64448,3982460
921574,1472980,-981833,4048,-581,-11774,64448,3982514
921574,1472980,-981833,4048,-581,-11774,64448,3982514
921582,1471546,-981989,4689,-972,-12421,64448,3981266
921456,1473193,-982161,4283,70,-11615,64448,3982888
921315,1472494,-982189,4305,476,-11876,64448,3982743
921389,1472739,-982089,4986,1468,-10759,64448,3981722
921392,1472375,-982224,4263,-664,-12070,64448,3982214
921203,1472593,-982342,4524,-463,-11636,64448,3983147
921090,1471052,-982437,4265,936,-11812,64448,3983132
920890,1470636,-982615,4753,-243,-11354,64448,3983160
920884,1472725,-982714,4151,-21,-11879,64448,3982399
921012,1473817,-982810,3314,60,-11708,64448,3983372
920762,1473286,-982909,4571,-225,-11653,64448,3982640
920829,1473976,-983038,4482,-211,-12155,64448,3981970
920729,1472189,-983184,4014,338,-11943,64448,3981682
920580,1473375,-983048,4262,76,-11999,64448,3982724
920726,1471736,-983037,4969,-368,-11161,64448,3981282
920594,1473185,-983007,4105,110,-11976,64448,3982396
920461,1473157,-983004,4161,84,-11733,64448,3982016
920231,1474565,-983066,3419,2613,-11679,64432,3981520
920094,1473521,-983211,4460,821,-11453,64448,3982983
919997,1472510,-983427,4133,-1795,-12298,64432,3982005
919972,1471222,-983596,3996,1075,-10989,64432,3983214
919687,1473214,-983717,4147,-47,-11718,64432,3982695
919505,1471926,-983790,4583,-875,-11915,64432,3983477
919249,1470845,-983984,4353,391,-11587,64432,3982686
919081,1470322,-984054,4585,927,-12021,64432,3983672
918714,1469304,-984255,5060,-1140,-11329,64432,3982754
918703,1471133,-984447,3840,327,-12092,64432,3981991
918442,1472811,-984459,4166,-7,-11837,64432,3982670
918325,1470678,-984352,3901,1010,-11379,64432,3981705
918031,1470424,-984324,4191,28,-11792,64432,3981917
918144,1471162,-984539,4324,-403,-12001,64432,3981919
918086,1469732,-984652,4099,1391,-11801,64432,3981207
918024,1470933,-984643,4173,57,-11599,64432,3981503
918217,1470671,-984805,5080,677,-12205,64432,3981530
918158,1470289,-984795,3977,279,-11954,64432,3982501
918084,1471420,-984647,4186,-54,-11820,64432,3982409
917922,1469896,-984466,4385,-501,-12205,64432,3982256
917977,1469983,-984641,3832,32,-11294,64432,3982460
917839,1471323,-984622,4282,-342,-11766,64432,3982258
917662,1472246,-984719,4243,-152,-11683,64432,3982195
917409,1471039,-984815,4174,246,-11781,64432,3981709
917246,1473356,-985099,4305,-1168,-11353,64432,3981953
917308,1471554,-985346,3473,1447,-10867,64432,3982947
917052,1470929,-985202,5688,-1055,-13210,64432,3983208
917007,1471925,-985238,4108,217,-11522,64432,3981514
916999,1472206,-985363,4311,0,-11850,64432,3981432
917063,1472038,-985507,4264,-201,-11794,64432,3981509
917059,1471899,-985620,4136,407,-11658,64432,3982205
917041,1470160,-985645,4366,1081,-11605,64432,3981171
917048,1471459,-985527,4505,829,-11064,64432,3980751
917122,1473022,-985694,3316,645,-11137,64432,3982954
916812,1471520,-985584,3819,-70,-11539,64432,3981692
916737,1470046,-985747,4019,-111,-11503,64432,3981705
916516,1470115,-985996,4187,-3,-11436,64432,3982251
916509,1468870,-986197,4459,-625,-12787,64432,3980479
916506,1470580,-986161,4456,463,-11441,64432,3980776
916510,1471311,-986323,3923,1073,-11141,64432,3982707
916248,1469628,-986438,3569,330,-11957,64432,3980961
916315,1471056,-986526,4459,630,-11937,64416,3981028
916205,1471715,-986473,4121,-79,-11707,64432,3981019
916008,1473382,-986647,4384,-226,-11591,64416,3981947
916139,1471077,-986832,4062,128,-11839,64416,3981017
916187,1472930,-987031,4746,76,-12457,64416,3980462
916246,1471561,-987131,5111,-632,-12061,64416,3979704
916208,1473218,-987145,4203,31,-11712,64416,3981181
916209,1473989,-987168,4310,-33,-11744,64416,3981175
916260,1473392,-987253,4660,445,-11921,64416,3980700
916257,1472916,-987335,4237,-80,-11788,64416,3981434
916075,1471227,-987369,4054,-464,-11722,64416,3981261
916012,1471647,-987424,4243,-623,-11811,64416,3980530
916012,1471647,-987424,4243,-623,-11811,64416,3980530
916031,1473029,-987588,4163,205,-11640,64416,3981675
915837,1472822,-987516,4962,-192,-12467,64416,3982499
915844,1471774,-987675,3965,-866,-11342,64416,3981760
915942,1472820,-987602,4572,-1257,-11281,64416,3980725
916139,1473571,-987535,5145,-1041,-11308,64416,3980521
916271,1472861,-987628,3894,160,-12095,64416,3981181
916131,1473729,-987715,3986,247,-11881,64416,3981677
915946,1471709,-987948,4214,216,-11694,64416,3981270
915880,1473120,-987854,4195,-349,-11667,64416,3980982
915905,1472908,-987848,4540,306,-11752,64416,3980694
915724,1472506,-987953,3656,-1057,-12172,64416,3980439
915764,1473832,-987888,4527,749,-11435,64416,3980681
915715,1473004,-987926,4194,922,-12082,64416,3982478
915662,1471691,-988031,4263,-14,-11819,64416,3981184
915476,1472990,-988077,4200,-43,-11800,64416,3981211
915356,1472770,-988205,4169,-91,-11876,64416,3980772
915237,1473955,-988233,4185,206,-11756,64416,3980538
915106,1474536,-988471,4320,-65,-11593,64416,3981514
915156,1472294,-988714,4343,-108,-12094,64416,3980959
914978,1472504,-988711,3566,738,-11205,64416,3980004
914976,1472005,-988597,4563,-2606,-10804,64416,3980284
914846,1472544,-988609,4319,-435,-11898,64416,3981453
914916,1472846,-988718,4177,16,-11792,64416,3981444
914681,1471617,-988729,4568,-494,-11793,64416,3981417
914423,1473104,-988776,5441,617,-11830,64400,3982495
914438,1471594,-988824,3972,103,-11750,64400,3981257
914560,1472452,-988705,4817,1890,-11182,64400,3980687
914627,1471353,-988722,3699,-379,-11954,64400,3981982
914551,1471134,-988674,4155,124,-11806,64400,3981245
914370,1470840,-988848,4758,-1218,-11139,64416,3981730
914186,1472510,-988881,4354,422,-11926,64400,3981492
914134,1471161,-988816,4156,440,-12115,64400,3981734
914000,1470357,-989020,4506,1751,-11242,64400,3982157
913649,1470243,-989145,4494,-257,-11725,64400,3981169
913559,1471295,-989173,3995,146,-11946,64400,3981482
913327,1471080,-989448,4719,-1497,-11019,64400,3981461
913459,1470517,-989583,4653,191,-12362,64400,3980307
913315,1471656,-989738,3498,1254,-12312,64400,3980025
913083,1470883,-989748,4908,113,-12028,64400,3981488
913154,1471858,-990048,4101,111,-11790,64400,3980496
913032,1471907,-990159,3850,-1936,-11969,64400,3979786
912974,1472263,-990330,4257,201,-11984,64400,3980254
913031,1472521,-990358,4384,168,-11754,64400,3980490
912834,1473732,-990333,2987,320,-11124,64400,3978762
912848,1474513,-990352,4328,352,-11679,64400,3980528
912828,1472686,-990589,4131,-549,-11346,64400,3981232
912852,1471310,-990500,3936,120,-12273,64400,3981682
912780,1470740,-990407,4248,67,-11732,64400,3980715
912673,1470087,-990453,4330,606,-11810,64400,3981213
912551,1470216,-990571,4449,-512,-11566,64400,3981265
912551,1470296,-990743,4543,949,-12569,64400,3980044
912244,1468735,-990983,5060,1011,-10811,64400,3981690
912231,1469126,-991225,3613,1637,-10575,64400,3982420
912291,1468667,-991358,3735,-949,-11412,64400,3981009
911979,1471410,-991352,5098,971,-11843,64400,3981431
911745,1470641,-991392,3801,-414,-11731,64400,3980288
911751,1470298,-991582,4357,-332,-12222,64400,3980227
911683,1469275,-991664,4226,-137,-11686,64400,3980692
911669,1470646,-991569,4269,35,-11797,64400,3980462
911688,1471493,-991585,4261,26,-11825,64400,3980446
911490,1472064,-991604,3566,525,-11796,64400,3979754
911548,1470253,-991797,4802,1290,-12466,64400,3979506
911432,1471289,-991873,4107,-100,-11754,64400,3980017
911330,1471799,-991852,4414,222,-12083,64400,3981211
911143,1472409,-992037,4351,-338,-11649,64400,3980755
911198,1471264,-992184,3949,270,-11696,64400,3980536
910958,1471837,-992037,3763,0,-11340,64400,3979802
910948,1472407,-992117,4262,764,-11615,64384,3979960
910817,1471094,-992143,4353,351,-11719,64400,3980687
910895,1470059,-992137,4323,-562,-11754,64384,3980042
910895,1470059,-992137,4323,-562,-11754,64384,3980042
910691,1471318,-992208,4274,155,-11760,64384,3980463
910702,1470928,-992095,4516,963,-11198,64384,3979300
910776,1472976,-992162,4636,572,-12035,64384,3980027
910897,1470283,-992023,3818,176,-12020,64384,3980441
910998,1471646,-991975,4229,434,-11843,64384,3979765
910835,1472974,-992039,4279,534,-12040,64384,3981013
911074,1471583,-992058,3379,-30,-11823,64384,3980698
911071,1470923,-992108,3487,-36,-11631,64384,3981411
910956,1470428,-992182,3915,-74,-11903,64384,3979531
910875,1470147,-992127,4216,-204,-11554,64384,3980015
910899,1470564,-992137,3983,-1994,-11995,64384,3981293
910826,1470371,-992330,4282,-192,-11682,64384,3980502
910659,1470088,-992397,4410,189,-11729,64384,3980727
910720,1470328,-992609,3492,-1442,-10930,64384,3981284
910537,1470184,-992421,4509,-237,-12375,64384,3980732
910324,1471061,-992560,4080,-110,-11679,64384,3980017
910153,1470944,-992580,4350,-769,-11789,64384,3980942
910100,1469616,-992710,4188,-231,-11666,64384,3980467
910035,1469838,-992650,4322,168,-11339,64384,3979491
909903,1470176,-992394,4413,-553,-12302,64384,3980271
910080,1471173,-992490,4087,90,-11668,64384,3980517
910091,1469477,-992418,4110,98,-11545,64384,3980057
909966,1469824,-992331,4484,-587,-12291,64384,3980711
909783,1471131,-992302,4049,138,-11649,64384,3979989
909604,1470793,-992213,4228,-24,-11747,64384,3980067
909674,1470540,-992184,3837,-383,-11850,64384,3980710
909559,1469297,-992344,4282,-540,-11661,64384,3980557
909302,1469704,-992117,4780,-386,-12763,64384,3980435
909294,1470993,-992145,4131,81,-11436,64384,3980036
909055,1470774,-992021,3167,1328,-10822,64384,3979046
909004,1470476,-992007,4253,310,-11495,64384,3979249
908880,1470574,-991961,4388,-937,-11930,64384,3980240
908747,1470181,-991934,4263,41,-11751,64384,3979962
908934,1470099,-991920,4367,-106,-11718,64384,3979542
908950,1470197,-992024,3888,-218,-11758,64384,3980061
908828,1470421,-992121,4259,-465,-11708,64384,3980227
908704,1469213,-992208,4494,-786,-11477,64384,3981007
908447,1468291,-992241,4708,386,-11819,64384,3980460
908273,1469249,-992309,4597,-945,-11638,64384,3980734
908254,1468485,-992078,4467,224,-10766,64384,3978754
908204,1469276,-991996,4493,734,-10974,64384,3978293
907950,1469597,-992033,5361,213,-12043,64384,3980736
907911,1469660,-992050,4111,121,-11729,64384,3980019
907951,1470165,-992028,4169,-166,-11806,64384,3979819
908082,1469093,-991957,4813,431,-11478,64368,3979273
908034,1468574,-991914,4072,-615,-12117,64368,3980036
907945,1468946,-991787,4196,-1249,-11258,64368,3979226
907969,1469040,-991623,4196,331,-11930,64368,3980019
908078,1468247,-991664,4060,152,-11859,64368,3980053
907958,1467632,-991817,4215,300,-11678,64368,3979561
907908,1470093,-991786,4259,-75,-11846,64368,3979775
907841,1470118,-991847,4269,85,-11853,64368,3979018
907601,1471063,-992101,4499,248,-11452,64368,3979500
907407,1470626,-992159,4487,-203,-11822,64368,3980195
907171,1469475,-992247,4252,-142,-11871,64368,3979550
907226,1468549,-992268,4305,92,-11868,64368,3979489
907172,1467819,-992284,4210,-342,-11805,64368,3978831
907114,1469560,-992369,4269,437,-11753,64368,3979804
907108,1468796,-992574,4229,-220,-11620,64368,3979763
906852,1468238,-992628,4035,-15,-11733,64368,3979550
906989,1468120,-992660,4196,237,-11845,64368,3979495
907050,1467846,-992735,4613,218,-12011,64368,3978762
907111,1467783,-992714,4713,632,-11427,64368,3978564
907173,1468807,-992845,3896,-372,-11592,64368,3980439
907103,1468469,-992683,4249,-682,-12211,64368,3979947
907275,1468031,-992643,4678,50,-11554,64368,3979458
907279,1467561,-992628,4143,-263,-11909,64368,3979531
907356,1467733,-992590,4497,596,-11678,64368,3979481
907356,1467594,-992652,4395,-191,-11993,64368,3979281
907540,1468439,-992432,3264,1076,-12649,64368,3980550
907540,1468439,-992432,3264,1076,-12649,64368,3980550
907583,1466749,-992654,4082,227,-12204,64368,3979990
907347,1465582,-992472,4610,1532,-12381,64368,3980301
907213,1467340,-992659,4334,721,-10960,64368,3980517
906991,1467385,-992865,3935,-218,-12101,64368,3979315
906753,1467279,-992941,3980,-157,-11994,64368,3980007
906743,1464957,-993122,3971,159,-11570,64368,3980202
906740,1465816,-993218,4290,-286,-11828,64368,3979710
906680,1466558,-993145,4235,369,-12207,64368,3980492
906608,1466952,-993007,4293,119,-12187,64368,3980013
906745,1466662,-993040,3626,1473,-11841,64368,3980023
906745,1467066,-993320,3948,452,-11080,64368,3980204
906806,1466963,-993200,5038,-1937,-10715,64368,3978104
906990,1468183,-993143,3950,215,-11908,64368,3979767
907042,1467927,-993244,4469,453,-12198,64368,3979052
906970,1467628,-993317,4198,147,-11717,64368,3980242
906913,1467906,-993208,4300,1052,-11487,64368,3979033
906989,1467577,-993198,4961,-931,-11493,64368,3978772
906928,1467750,-993162,4228,768,-11687,64368,3979081
906845,1467366,-993165,4449,2071,-11901,64352,3980689
906734,1467586,-993195,4335,-393,-11816,64352,3980031
906608,1467817,-993291,4156,953,-12037,64352,3979018
906745,1467662,-993397,3736,19,-11555,64352,3979792
906809,1469778,-993388,3962,117,-11762,64352,3980059
906986,1468791,-993306,3605,-104,-11983,64352,3980004
906791,1468454,-993312,4212,-408,-11942,64352,3979821
906684,1468188,-993207,4252,-224,-12013,64352,3979809
906501,1468013,-993401,4615,-631,-11142,64352,3980233
906501,1467742,-993277,4452,132,-11399,64352,3979006
906440,1467477,-993352,4258,-297,-11969,64352,3979053
906500,1466555,-993336,4183,-146,-11841,64352,3979752
906174,1466726,-993591,2862,-1131,-12845,64352,3978800
906246,1466898,-993567,4194,-715,-12001,64352,3979001
906019,1467010,-993604,4138,134,-11982,64352,3979552
905933,1467324,-993528,4100,261,-11487,64352,3978784
905814,1466205,-993469,4235,26,-11724,64352,3979224
905930,1466789,-993530,4178,5,-11770,64352,3979472
905757,1466919,-993688,3255,-1869,-12875,64352,3978254
905935,1465151,-993812,6293,2427,-12868,64352,3978021
905814,1464920,-993735,3718,-1381,-11012,64352,3978538
905649,1464893,-993891,3955,-234,-12038,64352,3979001
905590,1466294,-994068,4263,-763,-11407,64352,3980056
905650,1465714,-994067,4674,-26,-11731,64352,3978800
905579,1466175,-994043,4240,-1028,-11712,64352,3979316
905511,1464280,-994058,4303,-680,-11725,64352,3978766
905566,1465797,-994059,3966,-156,-11891,64352,3979981
905582,1466922,-994196,4173,-240,-11726,64352,3979728
905509,1466054,-994179,4260,-91,-11643,64352,3979083
905686,1466723,-993953,3407,-28,-12616,64352,3980209
905635,1465752,-994094,4106,98,-12072,64352,3979801
905570,1465311,-994118,4247,-110,-11902,64352,3979480
905532,1464987,-994100,4195,580,-12000,64352,3980019
905583,1466358,-994108,4339,147,-11809,64352,3979241
905406,1467389,-994011,4103,446,-11672,64352,3979311
905448,1467377,-994097,4031,274,-11624,64352,3979710
905647,1467270,-993959,3807,184,-11877,64352,3979336
905524,1467477,-994111,3995,214,-12139,64352,3979581
905463,1466313,-994158,4249,81,-11836,64352,3979718
905442,1466882,-994115,4356,75,-11725,64352,3979056
905269,1467114,-993962,4544,198,-12290,64352,3979735
905204,1467749,-994021,4262,-154,-11681,64352,3979287
905280,1467434,-993947,4563,-416,-11521,64352,3978600
905341,1467267,-994044,3895,603,-11654,64352,3979722
905341,1467372,-994317,3893,113,-10577,64352,3980044
905280,1467487,-994354,4279,10,-11685,64352,3979296
905219,1467230,-994245,4348,852,-12240,64352,3980201
905280,1466137,-994359,4884,-312,-12345,64336,3978763
905042,1463977,-994487,4608,1359,-11461,64352,3980049
904843,1463346,-994395,4012,-368,-11765,64336,3979318
904726,1464442,-994396,4273,-505,-11768,64336,3979519
904858,1465786,-994448,4465,-44,-11813,64336,3979275
904858,1465786,-994448,4465,-44,-11813,64336,3979275
904857,1466749,-994553,4146,130,-11732,64336,3979526
904714,1464538,-994641,3879,-1199,-12168,64336,3978765
904846,1463932,-994692,3578,-1016,-11681,64336,3979811
904845,1466032,-994778,3997,-1326,-11550,64336,3979538
904734,1466504,-994605,4194,-344,-11542,64336,3978987
904666,1466991,-994664,4293,-37,-11732,64336,3979220
904594,1466895,-994755,4323,627,-11639,64336,3979252
904548,1466726,-994887,4323,-18,-11765,64336,3979810
904485,1464624,-994958,4318,327,-11740,64336,3979825
904236,1463496,-994965,4408,103,-11800,64336,3979540
904112,1465308,-995178,4289,-51,-11416,64336,3979469
904223,1465127,-995259,4486,-183,-11976,64336,3978971
904174,1464953,-995176,4267,-5,-11515,64336,3978771
904056,1465467,-995013,4322,-423,-11968,64336,3979469
904102,1465014,-994920,4322,-3,-11630,64336,3978989
904164,1465935,-994891,4179,148,-11857,64336,3979249
904185,1465474,-995003,4131,145,-11817,64336,3979067
904114,1466691,-995097,4258,195,-11809,64336,3979063
904231,1467127,-995218,4210,2,-11779,64336,3979001
904229,1468773,-995273,4322,692,-11743,64336,3978585
904166,1469731,-995525,4266,428,-12069,64336,3978821
904065,1468723,-995600,4480,-254,-11473,64336,3979962
903808,1468034,-995684,4251,87,-11800,64336,3979285
903754,1467908,-995740,4216,-151,-11806,64336,3979029
903878,1468729,-995803,4806,-574,-11925,64336,3978484
903737,1468366,-995883,4060,349,-11864,64336,3978764
903747,1467900,-996024,3913,325,-11296,64336,3979565
903877,1467675,-996011,3917,71,-11777,64336,3979056
903877,1467481,-996198,3855,675,-11295,64336,3979699
903877,1467397,-996229,4350,55,-11753,64336,3979001
904058,1465420,-996041,4882,845,-11138,64336,3978817
903811,1466430,-995840,2880,225,-10692,64336,3978315
903812,1465450,-995806,3676,1522,-11763,64336,3980308
903922,1464818,-995697,4460,-852,-11472,64336,3978827
903794,1465984,-995687,3917,253,-12028,64336,3978098
903682,1466871,-995711,4276,-12,-11853,64336,3979251
903555,1465894,-995605,4160,-141,-11569,64336,3978546
903579,1465189,-995505,3762,1941,-12293,64336,3980241
903507,1465592,-995442,4280,1570,-11585,64336,3978489
903309,1466721,-995464,4127,429,-11821,64320,3978571
903270,1467179,-995382,4409,353,-11303,64320,3977833
903129,1466962,-995480,3960,-1778,-12211,64320,3978485
902898,1465057,-995402,3975,28,-11679,64320,3978541
902651,1465843,-995571,2562,-2978,-12696,64336,3977567
902530,1465456,-995329,4077,-254,-11585,64320,3978740
902396,1465336,-995437,4508,-572,-11292,64320,3979785
902296,1463781,-995404,4070,-2175,-11379,64320,3977290
901907,1465358,-995465,3618,-177,-11829,64320,3978494
901904,1465356,-995496,4106,450,-11833,64320,3977994
901733,1465183,-995611,4269,-39,-11719,64320,3979253
901857,1464036,-995520,3514,-398,-12169,64320,3979488
901922,1464497,-995721,3975,-58,-11712,64320,3978816
902026,1466104,-995671,3782,-520,-11899,64320,3979299
902028,1464617,-995627,4689,1193,-11309,64320,3977333
901735,1464709,-996033,2851,-487,-13881,64320,3977581
901502,1466075,-996260,4327,-49,-11814,64320,3979492
901488,1463271,-996274,4172,-51,-12204,64320,3978776
901381,1462657,-996385,4400,1023,-11607,64320,3979566
901234,1462475,-996280,4261,-81,-11770,64320,3979068
901072,1461751,-996312,4534,-1004,-11777,64320,3979570
901120,1461119,-996420,4005,-234,-11652,64320,3979705
901127,1460505,-996314,4351,-89,-11576,64320,3978807
901066,1459894,-996397,4340,-1011,-11994,64320,3978502
900824,1460979,-996404,4047,-119,-11784,64320,3978727
900806,1461411,-996419,4213,-259,-11780,64320,3978805
900951,1461862,-996423,4801,72,-11711,64320,3978343
901072,1461258,-996349,4226,256,-11718,64320,3978528
900938,1461932,-996494,3951,208,-12341,64320,3978258
900867,1462278,-996439,4303,-218,-11990,64320,3978811
900709,1463769,-996366,4441,-405,-11939,64320,3978834
900709,1463769,-996366,4441,-405,-11939,64320,3978834
900630,1464208,-996414,4258,-449,-11881,64320,3978080
900620,1462028,-996361,4432,-256,-11675,64320,3978591
900258,1461223,-996327,5439,-396,-12045,64320,3979541
900089,1460687,-996421,3579,265,-11955,64320,3978246
900159,1460547,-996214,4198,106,-11693,64320,3978731
900139,1460533,-996192,4083,-857,-12135,64320,3979074
900076,1461182,-996147,4244,1134,-12144,64320,3979310
899830,1461510,-995950,4591,430,-12263,64320,3979019
899975,1462075,-995984,3735,-290,-11505,64320,3978790
899792,1461962,-995913,4236,299,-11845,64320,3979091
899854,1463739,-995971,4444,681,-11775,64320,3978744
899651,1461820,-996037,4163,-268,-11746,64320,3978500
899772,1463376,-996259,4031,-228,-11689,64320,3978776
899599,1462894,-996624,4370,51,-10674,64320,3978712
899601,1462772,-996705,4162,-170,-11844,64320,3978841
899426,1462645,-996571,3766,72,-11152,64320,3978034
899363,1461629,-996533,4347,743,-11517,64320,3978338
899043,1459764,-996520,4049,24,-11753,64304,3978731
898856,1459854,-996408,4183,117,-11804,64320,3978553
898573,1461298,-996734,3437,843,-12633,64320,3977823
898428,1463145,-996630,4100,275,-12199,64304,3978019
898486,1464271,-996641,3877,-461,-11833,64304,3979064
898373,1462479,-996580,3926,1657,-11207,64304,3976863
898262,1463205,-996449,4115,-2132,-11013,64304,3977750
898011,1461794,-996372,4538,-381,-11921,64304,3978771
897757,1461886,-996501,3341,-898,-12136,64304,3977603
897450,1461838,-996413,3570,-799,-11713,64304,3977785
897280,1460985,-996458,3812,-325,-11737,64304,3978038
897277,1460694,-996599,4307,163,-11913,64304,3977863
897158,1461178,-996557,4282,-3,-11747,64304,3977821
897100,1462822,-996787,4330,-99,-11761,64304,3978250
897088,1461888,-996731,4004,-1660,-12177,64304,3978988
897085,1461643,-996727,4204,1096,-11907,64304,3978536
896961,1461699,-996644,4608,1934,-12276,64304,3979080
896677,1461390,-996656,3676,1157,-11848,64304,3977588
896544,1461691,-996666,3922,-581,-11828,64304,3977117
