1000000,0,0,0,99999,0,0,0,14100000,0,0,0,0
1000000,0,0,0,99999,0,0,0,14100000,0,0,0,0
1000000,0,0,0,99999,0,0,0,14100000,0,0,0,0
1000000,0,0,0,99999,0,0,0,14100000,0,0,0,0
1000000,0,0,0,99999,0,0,0,14100000,0,0,0,0
1000000,0,0,0,99999,0,0,0,14100000,0,0,0,0
1000000,0,0,0,99999,0,0,0,14100000,0,0,0,0
1000000,0,0,0,99999,0,0,0,14100000,0,0,0,0
1000000,0,0,0,99999,0,0,0,14100000,0,0,0,0
1000000,0,0,0,99999,0,0,0,14100000,0,0,0,0
1000000,0,0,0,99999,0,0,0,14100000,0,0,0,0
1000000,0,0,0,99999,0,0,0,14100000,0,0,0,0
1000000,0,0,0,99999,0,0,0,14100000,0,0,0,0
299957,0,224,0,8706,0,224,0,4429955,1526939,-297,-327799,448769
90898,0,89,0,766,0,89,0,1517116,460979,5,-106619,447674
28260,-2,29,-2,73,0,29,0,651083,141600,235,-41018,447345
9466,-21,8,-21,-17,0,8,0,393593,45711,29,-20827,447249
3834,4,2,4,7,0,2,0,317030,16856,-9,-14575,447220
2150,-1,0,-1,-380,-1,0,-1,294268,8011,484,-12595,447211
1639,28,0,28,-130,1,0,1,287501,5432,-1162,-12129,447207
1452,76,-1,76,-108,3,-1,3,285489,4787,-817,-11987,447207
1435,10,0,10,17,0,0,0,284894,4021,57,-11808,447207
1366,-86,-2,-86,-108,-3,-2,-3,284718,4411,712,-11775,447206
1326,-76,0,-76,-16,0,0,0,284665,2916,-776,-11797,447205
1395,21,0,21,-598,12,0,12,284649,3795,51,-11794,447207
1419,9,0,9,28,7,0,7,284646,3902,411,-11839,447207
1425,-3,0,-3,-75,1,0,1,284647,3936,-726,-11793,447206
1403,21,2,21,9,-1,2,-1,284647,4503,-510,-11842,447205
1417,-17,-2,-17,-131,-17,-2,-17,284644,4030,651,-11708,447207
1425,-3,0,-3,7,-4,0,-4,284647,3979,144,-11778,447207
1419,-27,0,-27,-81,0,0,0,284649,4320,1180,-11808,447204
1423,5,0,5,-58,-4,0,-4,284650,3906,405,-11762,447207
1425,-4,0,-4,-19,-1,0,-1,284651,3967,0,-11785,447207
1421,54,-2,54,-511,18,-2,18,284654,3940,295,-11801,447207
1275,32,-4,32,53,3,-4,3,284655,3910,35,-11789,447206
1381,3,-1,3,13,0,-1,0,284653,3671,-34,-11791,447206
1139,-131,0,-131,-51,0,0,0,284653,2623,-412,-11791,447205
1324,-8,0,-8,15,0,0,0,284653,3535,-251,-11790,447207
1303,39,4,39,2,-1,4,-1,284657,4093,-152,-11806,447206
1389,14,1,14,-66,0,1,0,284658,3725,323,-11773,447207
1416,10,0,10,-68,9,0,9,284656,3937,-170,-11763,447207
1414,-22,4,-22,-30,13,4,13,284658,3680,-605,-11663,447206
1262,43,3,43,-1,1,3,1,284657,3755,-50,-11777,447206
1378,5,0,5,-38,-7,0,-7,284657,3710,690,-11697,447205
1352,105,0,105,-156,-2,0,-2,284662,2669,1928,-11774,447203
1369,17,1,17,25,0,1,0,284666,4387,142,-11799,447205
1410,17,0,17,-317,10,0,10,284661,3936,-1131,-11749,447206
1422,2,0,2,-27,-2,0,-2,284657,3972,724,-11743,447206
1426,3,0,3,-15,1,0,1,284662,3886,577,-11830,447205
1413,38,-1,38,-60,4,-1,4,284661,4069,-222,-11775,447207
1424,16,0,16,-296,-7,0,-7,284657,4024,-1402,-11831,447206
1306,182,8,182,-216,-12,8,-12,284661,3981,-180,-11798,447207
1381,42,2,42,14,-2,2,-2,284662,3787,213,-11766,447207
1326,-73,13,-73,-57,11,13,11,284660,4686,868,-11913,447205
1396,-25,7,-25,-71,24,7,24,284656,3805,-121,-11750,447207
1410,-48,-4,-48,-208,-33,-4,-33,284658,4031,564,-11678,447207
1417,29,-6,29,-227,28,-6,28,284659,3847,615,-11898,447207
1423,-19,-3,-19,-275,-18,-3,-18,284661,3925,-459,-11838,447207
1424,-9,-4,-9,13,-12,-4,-12,284658,3984,11,-11785,447207
1359,-262,7,-262,-964,31,7,31,284664,4192,1132,-11831,447207
1403,28,9,28,-893,-90,9,-90,284661,3921,-1375,-11861,447207
1418,-7,3,-7,18,-12,3,-12,284669,4008,395,-11772,447207
1425,-2,1,-2,8,0,1,0,284668,3979,-22,-11779,447207
1419,41,0,41,-196,4,0,4,284666,4199,-1165,-11768,447206
1420,-32,1,-32,-305,19,1,19,284669,3584,-3137,-11457,447201
1388,131,-11,131,-460,48,-11,48,284662,3734,659,-11847,447207
1407,22,-10,22,53,9,-10,9,284658,3712,216,-11958,447206
1375,-49,0,-49,-47,5,0,5,284666,2992,-1000,-11747,447204
1405,27,-2,27,-139,11,-2,11,284670,3733,616,-11833,447207
1414,11,-1,11,16,3,-1,3,284666,4178,-191,-11750,447205
1404,-5,-8,-5,26,-1,-8,-1,284667,3648,-5,-11913,447206
1422,1,-2,1,-163,11,-2,11,284670,3972,-1380,-11718,447205
1386,-27,-4,-27,5,0,-4,0,284670,4110,134,-11779,447207
1404,-8,0,-8,8,0,0,0,284670,4093,45,-11837,447207
1408,-8,-11,-8,6,-6,-11,-6,284659,3952,-4,-11777,447207
1340,57,-4,57,-24,0,-4,0,284668,3758,45,-11822,447207
1401,7,-1,7,7,-1,-1,-1,284670,3732,-112,-11867,447206
1418,7,-1,7,5,2,-1,2,284666,3939,-53,-11795,447207
1358,-8,15,-8,10,3,15,3,284667,4562,146,-11950,447206
1337,178,3,178,-436,4,3,4,284666,4453,-1775,-11732,447205
1392,109,5,109,-736,-40,5,-40,284664,3635,1867,-11697,447206
1394,72,17,72,-45,-42,17,-42,284657,3938,68,-11791,447207
1394,72,17,72,-45,-42,17,-42,284657,3938,68,-11791,447207
1309,-177,-11,-177,-304,-34,-11,-34,284666,5244,2584,-11524,447203
1355,-18,-14,-18,43,-2,-14,-2,284664,4532,-518,-11585,447203
1407,-2,-4,-2,-14,19,-4,19,284652,3862,166,-11964,447207
1381,-166,29,-166,-653,125,29,125,284651,3957,223,-11854,447207
1356,16,22,16,38,9,22,9,284661,4288,-588,-11818,447206
1337,-153,-10,-153,-323,-36,-10,-36,284662,4272,1178,-11600,447206
1393,-44,0,-44,-7,0,0,0,284666,3661,-685,-11751,447206
1400,-1,12,-1,11,-3,12,-3,284657,4017,-116,-11867,447207
1387,10,7,10,9,-2,7,-2,284666,3639,86,-11723,447207
1417,4,2,4,-39,-14,2,-14,284662,3925,-354,-11862,447207
1401,6,-3,6,12,-1,-3,-1,284667,4187,-64,-11731,447207
1420,0,-1,0,-24,-7,-1,-7,284665,3917,-281,-11855,447207
1357,-2,-15,-2,11,-1,-15,-1,284664,4491,24,-11662,447206
1357,34,-2,34,-5,-1,-2,-1,284666,3854,-57,-11833,447207
1332,-44,-8,-44,-22,-5,-8,-5,284674,3928,160,-11778,447207
1273,-310,-10,-310,-711,-20,-10,-20,284683,3095,-1347,-11850,447206
1330,-32,-31,-32,79,6,-31,6,284660,3617,-506,-11831,447207
1370,-11,-18,-11,15,-1,-18,-1,284672,3930,-3,-11825,447207
1410,-2,-4,-2,-247,22,-4,22,284682,3875,-573,-11768,447207
1397,66,12,66,-142,-32,12,-32,284677,4031,-276,-11851,447207
1342,64,0,64,-14,-1,0,-1,284677,3367,417,-11784,447206
1402,9,0,9,-19,-10,0,-10,284680,3858,-396,-11959,447206
1407,57,5,57,-221,-29,5,-29,284674,3699,911,-11676,447207
1356,-76,-6,-76,-63,-14,-6,-14,284683,3684,-110,-11793,447207
1127,-236,-16,-236,-152,-16,-16,-16,284684,4727,832,-11730,447205
1292,25,6,25,-60,-19,6,-19,284681,3062,62,-11757,447206
1320,-91,0,-91,-118,-5,0,-5,284676,3643,10,-11763,447207
1327,-18,17,-18,21,0,17,0,284679,3098,-173,-11630,447206
1398,0,4,0,-112,40,4,40,284662,3804,749,-11995,447206
1406,-47,14,-47,-143,53,14,53,284656,3926,-12,-11777,447207
1419,9,3,9,-88,16,3,16,284663,3952,-56,-11737,447207
1395,26,39,26,3,-32,39,-32,284625,4088,-104,-11965,447207
1383,-9,27,-9,11,-2,27,-2,284658,4301,174,-11846,447206
1378,40,5,40,-36,1,5,1,284675,4354,-551,-11683,447206
1412,22,0,22,-429,32,0,32,284681,3927,-25,-11762,447207
1423,6,2,6,7,-10,2,-10,284672,4022,-360,-11923,447207
1416,3,0,3,9,-1,0,-1,284680,3975,5,-11786,447207
1389,-82,16,-82,-179,39,16,39,284675,3518,-964,-11594,447206
1414,-21,9,-21,5,19,9,19,284661,3778,-604,-11463,447206
1387,99,14,99,-277,-28,14,-28,284666,4136,-599,-11823,447207
1406,17,-13,17,37,-4,-13,-4,284650,4300,154,-11179,447205
1378,-65,3,-65,-96,10,3,10,284674,3271,-989,-11716,447205
1413,-10,0,-10,26,16,0,16,284667,3913,-200,-11715,447207
1361,96,26,96,-114,-36,26,-36,284667,4133,-384,-11890,447207
1335,22,25,22,22,-7,25,-7,284674,3138,185,-11566,447206
1322,-157,-46,-157,-314,-110,-46,-110,284648,2260,-2950,-12712,447201
1215,-147,0,-147,-12,-16,0,-16,284670,3082,-443,-11906,447206
1365,-24,0,-24,-65,4,0,4,284676,3638,318,-11841,447206
1407,-3,4,-3,17,0,4,0,284678,3975,-45,-11872,447207
1404,-39,-10,-39,-70,-23,-10,-23,284676,3921,-71,-11800,447207
1292,-136,-49,-136,-104,-49,-49,-49,284660,3520,-300,-11913,447207
1299,-74,28,-74,-6,18,28,18,284653,3411,-318,-11810,447207
1381,18,8,18,-83,4,8,4,284678,3393,1037,-11717,447204
1321,-50,4,-50,-1,1,4,1,284683,3334,-200,-11758,447206
1390,4,-6,4,0,14,-6,14,284673,3949,-351,-11568,447206
1370,-98,-27,-98,-197,-51,-27,-51,284663,3368,-1083,-12078,447206
1380,-123,7,-123,-350,44,7,44,284672,3816,-264,-11852,447207
1405,-52,9,-52,-72,35,9,35,284669,4214,864,-12033,447205
1417,-23,0,-23,-45,-5,0,-5,284678,3851,-528,-11841,447207
1378,63,15,63,-81,-21,15,-21,284679,4150,-375,-11876,447207
1405,3,-6,3,17,-12,-6,-12,284669,4062,261,-11501,447207
1286,-22,-57,-22,9,-10,-57,-10,284655,2679,-149,-12244,447205
1369,-53,-22,-53,-129,-15,-22,-15,284678,4069,955,-11855,447206
1401,5,-11,5,4,6,-11,6,284683,4185,-496,-11689,447205
1409,-54,-2,-54,-264,4,-2,4,284678,3881,-251,-11833,447207
1422,-8,0,-8,-63,-1,0,-1,284683,3982,336,-11788,447207
1413,40,16,40,-120,-53,16,-53,284655,3829,396,-11524,447207
1388,89,25,89,-177,-58,25,-58,284661,3881,187,-11707,447207
1417,17,7,17,-71,44,7,44,284652,3972,-740,-11218,447206
1292,51,-51,51,-1,26,-51,26,284653,2987,318,-12099,447206
1292,51,-51,51,-1,26,-51,26,284653,2987,318,-12099,447206
1263,-87,-29,-87,-60,-5,-29,-5,284671,3961,343,-11886,447206
1354,-24,5,-24,14,5,5,5,284676,3824,-98,-11968,447207
1348,-37,4,-37,-5,3,4,3,284675,3581,-180,-11769,447207
1302,95,16,95,-86,-13,16,-13,284682,3121,510,-11695,447206
1375,-9,0,-9,-23,-8,0,-8,284684,3906,386,-11719,447207
1408,-3,3,-3,19,-1,3,-1,284682,3973,-45,-11834,447207
1411,-2,-2,-2,11,-1,-2,-1,284682,3975,4,-11785,447207
1416,47,1,47,-338,-16,1,-16,284683,4086,-859,-11834,447207
1398,-45,-15,-45,-65,-35,-15,-35,284674,4576,1372,-11450,447205
1419,0,-3,0,-151,-11,-3,-11,284681,3916,1110,-11783,447206
1398,26,-8,26,0,5,-8,5,284682,3923,16,-11815,447207
1328,106,-11,106,-108,11,-11,11,284682,3623,258,-11834,447207
1350,-44,-46,-44,-55,-53,-46,-53,284646,4198,722,-11447,447206
1404,-11,-14,-11,8,-13,-14,-13,284673,3897,-19,-11897,447207
1382,19,33,19,-1,-23,33,-23,284644,3920,-17,-11827,447207
1329,120,21,120,-155,-19,21,-19,284669,3583,348,-11638,447207
1392,21,6,21,27,-1,6,-1,284676,3960,145,-11737,447207
1415,6,3,6,4,-2,3,-2,284683,3950,14,-11780,447207
1388,-6,-13,-6,36,-5,-13,-5,284678,3647,-174,-11889,447207
1408,47,15,47,-249,-105,15,-105,284642,3688,1326,-11293,447206
1417,26,20,26,-29,-71,20,-71,284625,3784,688,-11218,447206
1358,-103,6,-103,-147,-10,6,-10,284664,4601,1114,-11729,447206
1354,59,9,59,-68,-12,9,-12,284683,4029,-547,-11799,447207
1375,2,-9,2,14,-5,-9,-5,284705,3877,98,-11750,447207
1381,20,-51,20,6,23,-51,23,284623,3810,-3,-11892,447207
1400,-38,23,-38,-110,114,23,114,284568,4009,327,-12212,447207
1420,-1,6,-1,-150,45,6,45,284654,3944,637,-11841,447207
1346,-120,39,-120,-154,64,39,64,284661,4893,1467,-12245,447205
1388,-5,-17,-5,13,36,-17,36,284610,4116,-415,-11186,447206
1399,-7,17,-7,16,19,17,19,284640,3780,-81,-11663,447207
1418,-11,2,-11,-19,-6,2,-6,284679,3989,99,-11691,447207
1396,57,-18,57,-86,34,-18,34,284681,3571,746,-12037,447206
1408,18,-3,18,11,4,-3,4,284679,3920,117,-11834,447207
1422,-2,-2,-2,-107,-43,-2,-43,284676,4025,955,-11452,447206
1425,-5,1,-5,9,-1,1,-1,284677,3871,-407,-11616,447205
1422,-8,13,-8,-3,20,13,20,284646,3697,-505,-11039,447204
1424,-28,-17,-28,-247,-206,-17,-206,284508,4095,983,-10957,447207
1306,-114,-40,-114,-60,-61,-40,-61,284631,3437,-384,-11937,447207
1377,-34,-23,-34,7,-24,-23,-24,284667,3711,-218,-11970,447207
1390,-30,11,-30,-8,10,11,10,284673,4339,348,-12159,447206
1396,-25,-16,-25,-10,-18,-16,-18,284677,3469,-501,-12213,447205
1417,16,5,16,-142,-79,5,-79,284646,4162,-1602,-12617,447204
1424,-6,2,-6,-118,1,2,1,284670,3961,-787,-11689,447206
1351,50,-66,50,-15,46,-66,46,284618,3184,474,-12389,447206
1282,-89,99,-89,-63,101,99,101,284572,3388,-183,-11672,447206
1313,-122,-73,-122,-139,-133,-73,-133,284513,4388,913,-10483,447205
1205,-15,-139,-15,24,-18,-139,-18,284576,1244,-126,-13326,447201
1359,-3,-35,-3,11,0,-35,0,284624,3560,-52,-12013,447207
1398,-29,-27,-29,-79,-51,-27,-51,284629,4210,983,-11339,447205
1273,-88,13,-88,-29,5,13,5,284665,2840,-556,-11726,447205
1344,43,-2,43,-76,11,-2,11,284674,3586,16,-11770,447207
1364,6,-96,6,32,-9,-96,-9,284464,3291,-32,-13057,447206
1376,-24,-48,-24,-7,-16,-48,-16,284614,4391,427,-11762,447206
1395,-47,-15,-47,-91,-5,-15,-5,284652,4149,525,-11905,447207
1380,-127,-20,-127,-350,-49,-20,-49,284652,4056,397,-11788,447207
1291,46,-48,46,8,14,-48,14,284662,2970,230,-12109,447206
1385,-23,-24,-23,-255,-104,-24,-104,284631,3699,-243,-12113,447207
1413,6,-3,6,2,-29,-3,-29,284664,3822,500,-11495,447206
1406,-10,-13,-10,21,-18,-13,-18,284687,4204,231,-11660,447207
1407,3,6,3,9,-6,6,-6,284672,3644,109,-11584,447206
1420,-17,4,-17,-259,24,4,24,284674,3990,103,-11780,447207
1393,-43,-6,-43,-17,-5,-6,-5,284673,4096,134,-11747,447207
1345,-203,3,-203,-493,7,3,7,284694,3604,-758,-11787,447207
1403,-33,2,-33,55,6,2,6,284659,3861,-346,-11719,447207
1414,10,-10,10,-26,30,-10,30,284672,3933,44,-11850,447207
1407,14,-9,14,3,9,-9,9,284665,4062,-33,-11789,447207
1422,-6,5,-6,-211,195,5,195,284521,3962,-660,-11194,447207
1378,-98,41,-98,-162,108,41,108,284611,3962,-9,-11778,447207
1384,-91,49,-91,-167,112,49,112,284616,4209,597,-12039,447207
1415,-14,13,-14,22,34,13,34,284572,3956,-280,-10808,447206
1415,-14,13,-14,22,34,13,34,284572,3956,-280,-10808,447206
1405,47,3,47,-120,5,3,5,284656,4133,-401,-11756,447207
1421,6,1,6,-67,8,1,8,284675,4016,974,-11825,447206
1413,-42,13,-42,-130,45,13,45,284679,4357,1207,-12151,447205
1390,-13,-30,-13,22,0,-30,0,284662,3814,-132,-11914,447207
1415,15,-10,15,-140,15,-10,15,284673,4023,-660,-11811,447207
1394,-9,17,-9,17,10,17,10,284679,3858,-10,-11752,447207
1413,-25,-8,-25,-123,-70,-8,-70,284657,3732,-1190,-12370,447205
1413,19,-25,19,-30,40,-25,40,284636,3884,159,-12008,447207
1416,33,13,33,-105,-76,13,-76,284617,3953,186,-11746,447207
1425,2,3,2,-35,-8,3,-8,284657,3998,22,-11748,447207
1321,156,10,156,-208,-15,10,-15,284674,3263,859,-11724,447206
1338,-15,3,-15,4,-1,3,-1,284675,3495,52,-11759,447207
1390,33,-4,33,-113,21,-4,21,284688,3759,272,-11830,447207
1416,30,2,30,-511,-64,2,-64,284684,3992,-483,-11866,447207
1290,55,33,55,35,-22,33,-22,284691,3794,52,-11757,447207
1384,9,4,9,12,-2,4,-2,284669,3746,98,-11765,447207
1214,-65,-6,-65,-3,-1,-6,-1,284692,3020,-237,-11814,447206
1349,34,1,34,-111,-20,1,-20,284693,3376,521,-11716,447206
1394,2,3,2,20,0,3,0,284695,3773,18,-11765,447207
1405,-11,-4,-11,14,-5,-4,-5,284672,3422,-571,-12019,447203
1287,96,40,96,-57,-30,40,-30,284663,4044,-189,-11876,447207
1326,5,22,5,16,-1,22,-1,284680,4079,204,-11742,447206
1378,15,-5,15,0,9,-5,9,284684,3393,337,-12009,447205
1407,-36,7,-36,-258,62,7,62,284670,3801,-883,-11603,447207
1398,70,21,70,-201,-48,21,-48,284682,3760,540,-11624,447207
1384,13,23,13,30,-9,23,-9,284669,3582,137,-11555,447207
1391,-49,-31,-49,-94,-82,-31,-82,284632,3657,-499,-12116,447207
1368,-69,18,-69,-57,22,18,22,284645,3885,-81,-11872,447207
1404,-13,-12,-13,30,3,-12,3,284615,3992,-128,-11565,447207
1415,-8,-3,-8,7,1,-3,1,284658,4084,76,-11820,447207
1410,3,-27,3,8,10,-27,10,284647,4145,-82,-11561,447207
1414,81,-8,81,-713,6,-8,6,284679,4253,-2426,-11850,447206
1411,53,2,53,-62,-15,2,-15,284690,4195,-519,-11894,447207
1359,88,4,88,-77,-10,4,-10,284697,3959,30,-11788,447207
1398,44,-23,44,-79,77,-23,77,284632,4293,-1130,-10769,447204
1382,78,3,78,-113,-9,3,-9,284678,4360,-754,-11984,447206
1414,8,0,8,-1,-16,0,-16,284665,3962,206,-11719,447207
1421,14,-4,14,-41,13,-4,13,284675,4092,-335,-11669,447207
1387,91,-62,91,-184,140,-62,140,284598,3984,-2,-11789,447207
1417,13,-18,13,-46,-3,-18,-3,284666,3970,-63,-12041,447207
1425,1,-3,1,9,13,-3,13,284653,3989,-236,-11118,447205
1416,56,-25,56,-273,124,-25,124,284632,4351,-1673,-11146,447206
1363,69,-25,69,-18,38,-25,38,284669,4121,-73,-11805,447207
1404,-53,-19,-53,-643,-101,-19,-101,284680,3902,-145,-11914,447207
1403,19,11,19,51,-35,11,-35,284681,4019,-140,-11902,447207
1418,0,4,0,10,0,4,0,284701,4041,125,-11804,447207
1420,43,-5,43,-372,56,-5,56,284666,4010,116,-11796,447207
1397,8,20,8,49,6,20,6,284680,3702,60,-11592,447207
1395,-68,-12,-68,-167,-40,-12,-40,284685,4185,693,-11571,447207
1414,3,-4,3,-31,-4,-4,-4,284695,4032,-388,-11809,447207
1413,-21,5,-21,-30,14,5,14,284687,4207,412,-11945,447207
1418,8,23,8,1,-31,23,-31,284625,3772,320,-11031,447206
1364,27,-39,27,28,9,-39,9,284638,3808,202,-11824,447207
1376,-39,7,-39,-45,28,7,28,284666,4070,327,-11996,447207
1412,0,3,0,-51,-9,3,-9,284678,4015,-799,-11871,447206
1411,-23,-8,-23,-28,-21,-8,-21,284685,4064,105,-11731,447207
1417,37,6,37,-239,-57,6,-57,284685,4160,-998,-12011,447207
1307,-14,54,-14,27,0,54,0,284677,3441,-22,-11594,447207
1369,-92,-15,-92,-327,-126,-15,-126,284648,3491,-1165,-12047,447206
1386,38,12,38,-72,-56,12,-56,284677,3572,536,-11623,447206
1415,0,2,0,-153,-34,2,-34,284685,3931,-1014,-11921,447206
1418,33,0,33,-173,3,0,3,284694,3978,106,-11788,447208
1375,12,48,12,26,-4,48,-4,284647,4321,4,-12163,447207
1376,-47,15,-47,-56,0,15,0,284679,3321,-750,-11690,447206
1304,213,-12,213,-405,31,-12,31,284690,3992,-389,-11724,447207
1369,55,13,55,33,-11,13,-11,284681,3562,576,-11687,447207
1404,13,-1,13,8,3,-1,3,284692,3744,245,-11885,447206
1415,62,-6,62,-520,45,-6,45,284689,3833,1652,-11945,447207
1418,40,-16,40,-76,72,-16,72,284662,4061,-84,-11728,447207
1419,37,11,37,-135,-76,11,-76,284627,3949,488,-11602,447207
1419,37,11,37,-135,-76,11,-76,284627,3949,488,-11602,447207
1426,5,3,5,20,-17,3,-17,284664,4034,-79,-11964,447206
1313,-6,-54,-6,18,-5,-54,-5,284652,2982,-52,-12218,447205
1380,-6,-38,-6,11,-5,-38,-5,284642,4367,108,-11119,447203
1360,-35,2,-35,-9,8,2,8,284673,3871,-31,-11894,447207
1383,102,31,102,-439,-134,31,-134,284655,4182,-1350,-12149,447207
1377,-79,-30,-79,-198,-124,-30,-124,284644,3178,-1729,-12482,447204
1381,40,-8,40,-45,-22,-8,-22,284681,4078,-376,-11880,447207
1311,-107,96,-107,-92,103,96,103,284600,4747,1027,-12702,447205
1289,-48,-79,-48,38,-26,-79,-26,284553,4244,202,-11014,447206
1355,-32,-76,-32,-6,-46,-76,-46,284562,3602,-186,-12270,447207
1407,-4,-23,-4,-190,-8,-23,-8,284648,3919,-1462,-11998,447205
1404,-77,16,-77,-280,100,16,100,284643,3938,-148,-11793,447207
1422,-10,5,-10,-51,15,5,15,284687,4029,-1048,-11736,447205
1426,0,2,0,-198,-1,2,-1,284694,4031,-981,-11793,447207
1391,57,22,57,-62,-32,22,-32,284681,4450,-722,-12058,447206
1415,-15,7,-15,-274,3,7,3,284698,3944,-413,-11696,447207
1386,118,-5,118,-348,28,-5,28,284691,4185,-794,-11723,447207
1403,-2,-6,-2,12,0,-6,0,284692,4033,273,-11792,447207
1404,47,-2,47,-109,2,-2,2,284692,3786,555,-11808,447207
1367,29,-37,29,20,15,-37,15,284667,4099,-14,-11684,447207
1380,55,-23,55,-74,23,-23,23,284674,3993,-108,-11854,447207
1407,-47,16,-47,-446,201,16,201,284610,3878,-633,-11559,447207
1422,-8,3,-8,45,12,3,12,284653,4002,-356,-12087,447206
1420,-15,-7,-15,-29,-20,-7,-20,284664,3914,-309,-11933,447207
1426,-2,-2,-2,-87,-57,-2,-57,284649,4040,13,-11788,447207
1398,-116,67,-116,-425,253,67,253,284530,3733,-1041,-11182,447207
1417,-31,27,-31,-7,82,27,82,284626,3852,-935,-11128,447206
1419,-27,-1,-27,-60,-20,-1,-20,284656,3829,-792,-12035,447206
1426,-9,0,-9,-14,9,0,9,284674,4056,-117,-11809,447208
1416,65,-35,65,-385,214,-35,214,284580,3546,2865,-13340,447203
1346,-27,-19,-27,27,28,-19,28,284658,4064,174,-11875,447207
1403,-5,-6,-5,8,2,-6,2,284683,3891,-313,-11951,447206
1396,20,-22,20,-4,17,-22,17,284675,3848,94,-11918,447207
1408,67,-41,67,-369,226,-41,226,284573,3589,2700,-13087,447204
1413,-28,-29,-28,-114,-32,-29,-32,284634,3774,-767,-12286,447206
1400,95,-44,95,-373,136,-44,136,284644,3738,890,-12217,447207
1404,37,-31,37,16,43,-31,43,284655,4182,-94,-11723,447207
1420,19,-8,19,-93,-1,-8,-1,284678,3901,919,-11791,447206
1346,23,37,23,14,-10,37,-10,284672,3539,163,-11625,447207
1397,-37,3,-37,-273,-60,3,-60,284683,3833,-409,-11770,447207
1411,-42,17,-42,-97,48,17,48,284670,3798,-745,-11472,447207
1365,-74,-22,-74,-60,-24,-22,-24,284669,4693,805,-11392,447205
1362,-9,-30,-9,17,-4,-30,-4,284684,4346,-109,-11623,447206
1289,-121,47,-121,-106,53,47,53,284670,3378,-362,-11746,447207
1316,-48,54,-48,11,24,54,24,284660,4363,63,-12035,447206
1395,-8,15,-8,-398,73,15,73,284671,3871,-1924,-11356,447206
1414,13,12,13,2,-11,12,-11,284685,4012,-88,-11766,447207
1423,11,-4,11,-99,102,-4,102,284595,4088,-562,-11197,447207
1420,-48,-15,-48,-345,-84,-15,-84,284644,3926,-567,-11958,447207
1398,45,-48,45,-58,68,-48,68,284613,3140,1607,-13197,447202
1413,-4,-25,-4,31,3,-25,3,284650,3910,-51,-12072,447207
1420,2,-2,2,8,-6,-2,-6,284672,3905,142,-11702,447207
1387,-23,16,-23,8,15,16,15,284689,4462,330,-11982,447206
1384,62,18,62,-117,-24,18,-24,284695,3595,607,-11609,447207
1386,-9,38,-9,10,16,38,16,284657,4741,583,-12628,447203
1384,69,30,69,-144,-39,30,-39,284672,4818,-1952,-12209,447203
1315,70,64,70,-11,-38,64,-38,284665,3064,607,-11262,447206
1351,-41,13,-41,-49,-12,13,-12,284693,3646,-62,-11620,447207
1399,-5,-26,-5,21,-2,-26,-2,284548,3677,-38,-12852,447206
1410,-21,-8,-21,-35,0,-8,0,284659,4253,630,-11819,447206
1419,-26,3,-26,-145,46,3,46,284679,3892,-1007,-11533,447206
1393,-76,12,-76,-132,30,12,30,284693,3120,-1980,-11486,447203
1410,6,22,6,-23,-41,22,-41,284648,3825,285,-11354,447207
1422,4,10,4,-94,-91,10,-91,284611,4045,-574,-12187,447207
1341,-94,55,-94,-87,44,55,44,284635,4299,419,-11990,447207
1400,-29,6,-29,-78,-71,6,-71,284606,3865,-488,-11918,447207
1416,-1,15,-1,15,-28,15,-28,284635,3853,142,-11261,447206
1423,-25,5,-25,-287,7,5,7,284655,3916,-1379,-11674,447206
1387,35,-31,35,-4,35,-31,35,284665,3894,76,-11869,447207
1414,5,-1,5,10,5,-1,5,284666,3910,54,-11752,447207
1414,5,-1,5,10,5,-1,5,284666,3910,54,-11752,447207
1372,-14,-24,-14,6,-6,-24,-6,284682,3285,-191,-12104,447206
1402,-1,-14,-1,36,2,-14,2,284688,3986,19,-11827,447207
1420,0,-5,0,11,-6,-5,-6,284660,4040,92,-11428,447207
1418,44,-9,44,-214,38,-9,38,284687,4031,47,-11816,447207
1397,-13,8,-13,15,14,8,14,284689,4318,267,-11945,447207
1415,-1,-2,-1,11,3,-2,3,284673,4067,-31,-11715,447207
1372,169,-51,169,-542,160,-51,160,284650,3555,1277,-12119,447207
1402,28,-10,28,67,28,-10,28,284671,4014,274,-11959,447207
1414,34,10,34,-126,-59,10,-59,284667,4205,-896,-12243,447206
1372,26,-29,26,12,3,-29,3,284663,4425,-136,-11483,447206
1412,4,-7,4,6,6,-7,6,284688,3963,-36,-11789,447207
1393,40,11,40,-40,-17,11,-17,284688,4008,15,-11826,447207
1375,-11,24,-11,7,6,24,6,284667,4241,162,-11901,447207
1329,163,-7,163,-291,23,-7,23,284693,3812,172,-11762,447207
1382,-13,-29,-13,-61,-63,-29,-63,284647,3504,-660,-12247,447206
1327,-20,86,-20,11,10,86,10,284571,3331,-137,-11288,447206
1321,232,10,232,-699,43,10,43,284664,2515,3679,-11728,447203
1390,76,-4,76,-166,55,-4,55,284683,3883,199,-11738,447207
1414,-20,-1,-20,-525,13,-1,13,284715,3920,-1128,-11801,447207
1375,-125,-26,-125,-252,-59,-26,-59,284699,2935,-2628,-12274,447203
1406,-19,-22,-19,35,-10,-22,-10,284662,3918,-207,-11976,447207
1415,-15,-17,-15,-11,-20,-17,-20,284680,4213,318,-11625,447207
1376,76,9,76,-119,-28,9,-28,284686,4184,-373,-11874,447207
1399,-10,19,-10,-15,22,19,22,284674,3903,12,-11693,447207
1416,22,0,22,-107,37,0,37,284675,4218,-1039,-11450,447206
1375,-64,21,-64,-69,34,21,34,284688,3444,-707,-11570,447206
1412,-9,0,-9,-39,137,0,137,284395,3984,-68,-11886,447208
1352,70,-25,70,-54,48,-25,48,284599,3419,522,-11962,447206
1402,39,16,39,-207,-174,16,-174,284522,3683,2033,-10286,447204
1408,-40,20,-40,-154,36,20,36,284644,3761,-959,-11391,447206
1418,-12,-10,-12,46,-10,-10,-10,284606,4179,104,-11105,447206
1425,-2,-3,-2,-394,-41,-3,-41,284671,4058,-1431,-11959,447207
1424,5,-13,5,37,17,-13,17,284636,3960,183,-12297,447207
1422,17,1,17,2,-3,1,-3,284674,3905,361,-11701,447207
1419,-13,-22,-13,-26,-49,-22,-49,284628,4157,253,-11496,447207
1415,-67,0,-67,-338,31,0,31,284682,3921,-686,-11769,447207
1297,-103,21,-103,-24,20,21,20,284707,3018,-729,-11654,447206
1384,-14,0,-14,12,6,0,6,284705,3988,-239,-11518,447206
1407,28,-16,28,-99,65,-16,65,284657,3808,752,-12191,447207
1422,6,-9,6,5,44,-9,44,284606,4060,-87,-11557,447207
1383,-64,18,-64,-84,46,18,46,284665,3784,-371,-11742,447207
1341,11,93,11,13,-16,93,-16,284578,4228,-156,-12111,447207
1301,-30,-51,-30,3,-25,-51,-25,284606,3353,-99,-11833,447207
1390,5,-15,5,-114,-14,-15,-14,284669,3854,-165,-11949,447207
1300,132,29,132,-130,-41,29,-41,284683,2590,1445,-11438,447204
1390,20,9,20,-55,65,9,65,284629,3843,116,-11619,447207
1388,-8,42,-8,41,16,42,16,284628,4178,7,-12018,447207
1352,-112,73,-112,-180,109,73,109,284618,3658,-465,-11428,447207
1395,-37,39,-37,0,52,39,52,284672,3924,-199,-11579,447207
1409,-2,53,-2,11,-5,53,-5,284504,3804,-9,-10729,447207
1416,-40,20,-40,-215,25,20,25,284638,3790,-1446,-11471,447206
1411,17,6,17,-4,7,6,7,284677,4287,-515,-11745,447207
1344,164,85,164,-293,-167,85,-167,284607,4274,-695,-12147,447207
1390,73,27,73,-121,-31,27,-31,284673,4260,-974,-11577,447206
1406,90,-18,90,-603,211,-18,211,284620,3969,321,-11787,447207
1419,49,-20,49,-393,207,-20,207,284615,3996,403,-11934,447208
1392,-27,-61,-27,24,-25,-61,-25,284578,4382,404,-11234,447207
1341,65,49,65,-50,-65,49,-65,284610,3559,286,-11693,447207
1367,1,-8,1,18,-19,-8,-19,284670,3997,202,-11590,447207
1402,42,2,42,-211,-30,2,-30,284682,4028,-395,-11856,447207
1334,85,-17,85,-47,12,-17,12,284689,3310,601,-11908,447206
1396,0,20,0,-36,85,20,85,284560,3820,-146,-11381,447207
1411,6,22,6,7,0,22,0,284635,4013,10,-11703,447208
1423,-17,9,-17,-431,63,9,63,284666,4106,1152,-11891,447207
1406,-99,-57,-99,-344,-258,-57,-258,284536,4378,1394,-10811,447206
1374,103,80,103,-266,-290,80,-290,284447,3469,1134,-10922,447206
1406,26,43,26,55,-52,43,-52,284568,4049,149,-11734,447207
1408,-34,49,-34,-78,88,49,88,284557,3880,-321,-11284,447207
1410,36,1,36,-119,59,1,59,284639,4339,-1096,-11283,447206
1419,-18,-2,-18,-130,-12,-2,-12,284681,4178,919,-11676,447207
1419,-18,-2,-18,-130,-12,-2,-12,284681,4178,919,-11676,447207
1415,13,-23,13,-5,35,-23,35,284640,4116,-108,-11679,447208
1424,0,-15,0,10,-8,-15,-8,284564,4068,-3,-11849,447208
1405,-22,6,-22,-11,9,6,9,284656,3975,-73,-11751,447208
1363,28,-20,28,2,11,-20,11,284669,4087,-100,-11728,447207
1397,-27,-34,-27,-74,-74,-34,-74,284612,3852,-210,-12081,447207
1406,21,-6,21,-28,-18,-6,-18,284679,4354,-639,-11981,447206
1397,26,-61,26,-5,60,-61,60,284575,3453,629,-13121,447205
1419,-1,-18,-1,-13,8,-18,8,284683,4032,-25,-11958,447208
1413,-48,-24,-48,-186,-76,-24,-76,284663,4473,1709,-11193,447205
1416,33,1,33,-189,-55,1,-55,284676,3857,992,-11642,447207
1395,76,27,76,-141,-70,27,-70,284691,4614,-1319,-12287,447205
1417,10,6,10,12,-23,6,-23,284695,4056,546,-11474,447206
1419,-14,-2,-14,-26,-14,-2,-14,284685,3967,-199,-11834,447207
1391,-95,-26,-95,-238,-73,-26,-73,284674,3689,-1015,-12074,447207
1393,-21,-17,-21,31,-13,-17,-13,284679,3865,-185,-11912,447207
1417,-2,-4,-2,-18,-32,-4,-32,284665,4021,179,-11649,447207
1369,-20,-65,-20,11,-34,-65,-34,284625,4471,153,-11265,447207
1404,-2,4,-2,12,-13,4,-13,284590,3755,4,-11159,447206
1398,-4,-22,-4,16,-11,-22,-11,284642,3757,-97,-12002,447207
1416,18,16,18,-93,-123,16,-123,284539,3954,323,-11529,447207
1371,-17,-76,-17,11,-51,-76,-51,284530,3935,31,-11831,447207
1412,-2,-17,-2,-1,51,-17,51,284438,3991,-37,-11945,447208
1412,-6,0,-6,10,12,0,12,284614,3756,-164,-11689,447206
1349,38,-99,38,-9,54,-99,54,284563,3180,417,-12858,447206
1320,31,-74,31,4,23,-74,23,284643,4438,-179,-11795,447206
1333,76,-42,76,-72,27,-42,27,284667,3916,-77,-11978,447207
1348,27,-64,27,19,21,-64,21,284628,3620,225,-12121,447207
1389,-65,-30,-65,-308,-49,-30,-49,284659,3906,-66,-11976,447207
1338,7,-9,7,34,-7,-9,-7,284677,4335,-194,-11872,447207
1345,-9,35,-9,11,5,35,5,284684,3730,-21,-11743,447207
1374,-35,-1,-35,-27,-13,-1,-13,284688,4042,177,-11631,447207
1411,13,13,13,-268,-222,13,-222,284524,4077,-1472,-12865,447206
1417,-40,-21,-40,-314,-251,-21,-251,284512,4101,412,-11510,447208
1417,-17,0,-17,23,-31,0,-31,284644,4003,-132,-11791,447208
1409,-59,-2,-59,-177,-12,-2,-12,284705,3711,-1179,-11835,447206
1285,91,31,91,-30,-25,31,-25,284685,4054,-214,-11839,447207
1319,21,49,21,12,-8,49,-8,284691,3630,149,-11652,447207
1287,235,-17,235,-489,68,-17,68,284685,4422,-1449,-11445,447206
1344,-16,76,-16,-10,119,76,119,284547,3550,68,-11253,447207
1394,2,25,2,23,19,25,19,284646,3665,39,-11496,447206
1406,68,-30,68,-383,216,-30,216,284565,4093,-330,-11555,447208
1335,30,-77,30,40,49,-77,49,284613,3847,119,-11996,447207
1400,-4,-28,-4,-229,-128,-28,-128,284605,3961,630,-11706,447207
1409,24,4,24,-21,-44,4,-44,284650,4097,-90,-11912,447208
1422,6,0,6,-254,68,0,68,284664,4071,-251,-11695,447208
1341,162,73,162,-275,-129,73,-129,284616,4482,-984,-12239,447207
1390,20,63,20,35,-1,63,-1,284543,3795,193,-11151,447207
1413,26,20,26,-95,-14,20,-14,284658,4321,-1477,-11766,447204
1366,47,-65,47,-4,45,-65,45,284608,3837,61,-11861,447207
1409,6,-18,6,12,6,-18,6,284680,4066,10,-12052,447205
1420,-22,-4,-22,-194,5,-4,5,284694,3983,-710,-11825,447207
1345,-19,67,-19,26,13,67,13,284634,4343,14,-12107,447207
1396,-39,10,-39,-149,-43,10,-43,284666,4011,300,-11501,447207
1303,15,106,15,19,-27,106,-27,284605,2883,129,-10903,447205
1380,3,16,3,13,-6,16,-6,284657,3908,20,-11419,447207
1413,19,7,19,-429,-78,7,-78,284662,3999,562,-11640,447208
1422,-43,16,-43,-783,246,16,246,284598,4202,2608,-12567,447206
1375,98,-7,98,-139,64,-7,64,284661,3448,1041,-11851,447207
1408,14,-5,14,23,10,-5,10,284699,4088,141,-11775,447208
1396,2,25,2,13,0,25,0,284667,3478,50,-11278,447205
1354,-4,-22,-4,12,-3,-22,-3,284697,4627,65,-11413,447206
1405,0,-8,0,10,2,-8,2,284675,3953,39,-12091,447207
1410,64,20,64,-346,-127,20,-127,284664,3691,1947,-11109,447205
1400,-61,44,-61,-189,98,44,98,284628,3688,-1037,-11147,447207
1420,-4,16,-4,-190,-119,16,-119,284592,4013,2160,-10263,447203
1395,54,-8,54,-67,4,-8,4,284656,4439,-660,-11576,447207
1419,7,-2,7,-124,-24,-2,-24,284688,4067,874,-11672,447207
1244,25,179,25,19,-26,179,-26,284513,5275,-82,-13114,447205
1294,-64,150,-64,-46,79,150,79,284526,3269,-269,-10797,447207
1378,-73,9,-73,-389,-215,9,-215,284509,3654,-1421,-12079,447207
1378,-73,9,-73,-389,-215,9,-215,284509,3654,-1421,-12079,447207
1399,-27,50,-27,25,21,50,21,284480,4203,125,-12423,447207
1420,5,15,5,-542,-1,15,-1,284629,4047,930,-11632,447207
1303,-129,47,-129,-77,44,47,44,284660,3882,-66,-11733,447207
1380,-19,24,-19,25,12,24,12,284677,3852,-167,-11626,447207
1414,-2,5,-2,9,-3,5,-3,284693,4024,-5,-11645,447208
1414,-42,-3,-42,-166,-21,-3,-21,284710,4433,1528,-11628,447205
1197,118,-99,118,-40,53,-99,53,284653,3587,47,-11849,447206
1352,41,-46,41,-67,68,-46,68,284641,3290,1534,-13121,447203
1405,8,-15,8,-9,29,-15,29,284683,3957,151,-12003,447208
1408,-42,-2,-42,-136,8,-2,8,284719,4456,1389,-11886,447205
1417,-17,11,-17,4,22,11,22,284684,4220,176,-12102,447207
1241,-59,46,-59,-7,16,46,16,284699,3634,-81,-11712,447207
1358,-30,2,-30,-19,-13,2,-13,284694,3447,-510,-11871,447206
1291,-262,-94,-262,-548,-210,-94,-210,284635,3834,-51,-11783,447207
1346,-91,15,-91,4,20,15,20,284639,4515,460,-12827,447205
1403,-14,5,-14,7,9,5,9,284661,3918,-424,-11017,447202
1353,66,27,66,-36,-16,27,-16,284672,4521,-544,-11966,447206
1405,20,8,20,-104,3,8,3,284696,4030,-662,-11687,447207
1378,-53,40,-53,-52,52,40,52,284659,4658,919,-12347,447205
1369,122,70,122,-379,-168,70,-168,284629,4993,-3228,-13081,447202
1295,-2,-94,-2,40,-48,-94,-48,284573,3061,34,-12277,447206
1346,-53,-69,-53,-51,-60,-69,-60,284640,3700,-138,-12167,447207
1322,129,47,129,-210,-121,47,-121,284627,4088,-522,-12218,447207
1297,-141,-76,-141,-236,-168,-76,-168,284596,2254,-2282,-13042,447203
1389,-21,-23,-21,-59,4,-23,4,284668,3871,-616,-11890,447207
1380,4,40,4,30,-15,40,-15,284630,3802,45,-11608,447207
1408,-14,-2,-14,-22,-37,-2,-37,284646,4091,164,-11477,447208
1353,74,65,74,-66,-79,65,-79,284631,3619,347,-11453,447207
1405,20,4,20,-130,210,4,210,284334,4020,-630,-10336,447207
1411,-25,-26,-25,-53,-44,-26,-44,284507,3695,-1036,-12798,447205
1288,40,-7,40,2,-10,-7,-10,284638,3147,280,-11793,447207
1350,97,18,97,-211,-54,18,-54,284665,3318,1213,-11522,447206
1309,187,8,187,-251,-10,8,-10,284697,3273,1122,-11725,447206
1363,-49,-32,-49,-169,-96,-32,-96,284669,3441,-805,-12271,447206
1409,-9,-10,-9,-182,3,-10,3,284691,4003,45,-11892,447208
1421,-21,0,-21,-364,53,0,53,284685,4090,11,-11824,447208
1364,128,111,128,-238,-225,111,-225,284503,2175,3793,-8703,447197
1370,-50,-53,-50,-88,-192,-53,-192,284444,4307,843,-10703,447207
1404,0,-18,0,12,-22,-18,-22,284631,3850,91,-12016,447207
1398,33,58,33,-36,-95,58,-95,284495,4255,-350,-12459,447207
1410,-8,54,-8,-5,37,54,37,284498,4090,95,-11791,447208
1422,-11,13,-11,-295,-89,13,-89,284607,4066,-675,-11831,447207
1286,-137,93,-137,-97,72,93,72,284625,4665,723,-12240,447206
1173,-93,110,-93,-2,38,110,38,284647,4274,19,-11820,447206
1318,-117,28,-117,-293,-5,28,-5,284678,3361,-827,-11497,447207
1317,-36,-54,-36,35,-15,-54,-15,284660,4290,-81,-11315,447207
1393,1,-28,1,-20,56,-28,56,284578,3747,766,-13375,447204
1337,-35,-145,-35,3,-56,-145,-56,284438,3567,-187,-12447,447207
1396,-8,-60,-8,6,-23,-60,-23,284566,3704,-250,-13064,447205
1350,27,-28,27,7,-3,-28,-3,284649,4779,-359,-11836,447205
1381,30,4,30,-12,-12,4,-12,284687,3806,179,-11806,447207
1414,5,1,5,-13,16,1,16,284701,4045,377,-11982,447207
1407,-22,11,-22,-15,19,11,19,284709,4097,120,-11793,447208
1412,-17,-17,-17,-5,-24,-17,-24,284655,4166,66,-11567,447207
1405,17,-16,17,-10,7,-16,7,284684,4039,3,-11856,447208
1403,-67,-30,-67,-261,-98,-30,-98,284675,4256,794,-11564,447207
1411,-53,-26,-53,-132,-91,-26,-91,284671,4064,-31,-11867,447208
1418,-35,14,-35,-134,118,14,118,284599,4241,831,-12652,447207
1424,-5,7,-5,22,21,7,21,284662,4051,-109,-11633,447207
1418,-58,0,-58,-347,-10,0,-10,284697,3901,-1260,-11819,447207
1417,-35,4,-35,-43,16,4,16,284707,3925,-612,-11684,447207
1383,95,-52,95,-226,128,-52,128,284628,4283,-639,-11473,447207
1345,125,29,125,-134,-53,29,-53,284668,4500,-776,-12306,447206
1384,82,26,82,-175,-65,26,-65,284682,4154,-381,-11871,447207
1275,186,-19,186,-171,23,-19,23,284711,2277,1885,-12020,447204
1239,-54,0,-54,-20,6,0,6,284710,3619,280,-11848,447207
1250,-12,26,-12,12,1,26,1,284687,3380,-94,-11745,447207
1348,138,9,138,-703,-13,9,-13,284694,4012,-1346,-11745,447207
1350,-104,-22,-104,-229,-62,-22,-62,284698,4086,667,-11685,447207
1376,-25,-65,-25,36,-18,-65,-18,284583,3367,-265,-12978,447205
1376,-25,-65,-25,36,-18,-65,-18,284583,3367,-265,-12978,447205
1384,-74,-36,-74,-165,-46,-36,-46,284668,4085,192,-11940,447208
1373,-99,-65,-99,-152,-117,-65,-117,284614,2913,-2289,-13174,447202
1397,34,15,34,-153,-146,15,-146,284598,4017,-243,-11883,447208
1342,15,53,15,24,-28,53,-28,284634,3855,71,-11676,447207
1398,-2,15,-2,5,-5,15,-5,284703,3805,-174,-11646,447207
1304,87,118,87,-48,-84,118,-84,284583,3161,508,-11038,447206
1379,55,59,55,-123,-92,59,-92,284611,4030,-386,-11731,447207
1414,11,25,11,13,-50,25,-50,284516,4119,-285,-13392,447204
1295,145,-3,145,-147,3,-3,3,284644,4972,-1165,-11589,447205
1388,29,0,29,-11,-3,0,-3,284674,3953,-253,-11860,447206
1349,-21,-70,-21,2,-25,-70,-25,284621,3325,-164,-12416,447206
1339,185,86,185,-529,-309,86,-309,284502,4289,-1211,-12654,447207
1402,28,26,28,61,-34,26,-34,284472,3968,301,-11586,447208
1420,5,7,5,-27,0,7,0,284630,4088,0,-11717,447208
1247,-55,191,-55,-2,60,191,60,284492,3679,-60,-11603,447207
1357,-38,120,-38,-42,122,120,122,284399,4317,870,-13093,447204
1406,-28,35,-28,-569,10,35,10,284630,3999,1,-11427,447208
1421,-11,14,-11,-59,52,14,52,284672,4128,477,-11907,447207
1391,25,71,25,15,-45,71,-45,284557,3603,343,-10835,447206
1409,12,19,12,3,-6,19,-6,284651,4069,33,-11579,447208
1340,-69,60,-69,-49,47,60,47,284662,4139,177,-11820,447207
1400,2,22,2,-44,-18,22,-18,284697,3897,173,-11489,447207
1418,13,7,13,-41,-7,7,-7,284712,4221,-761,-11750,447206
1239,68,30,68,-2,-12,30,-12,284706,2427,585,-11572,447205
1362,71,0,71,-392,58,0,58,284711,4212,-2904,-11245,447203
1350,21,26,21,42,5,26,5,284683,4104,85,-11890,447207
1322,-89,-10,-89,-86,-23,-10,-23,284691,4219,456,-11653,447207
1384,-50,1,-50,-97,9,1,9,284710,4048,302,-11867,447207
1415,-9,-1,-9,-72,-102,-1,-102,284597,4079,919,-10748,447206
1415,-22,-21,-22,-32,-66,-21,-66,284616,4167,213,-11599,447207
1421,-8,-8,-8,18,-19,-8,-19,284663,4232,63,-11696,447207
1359,136,19,136,-267,-48,19,-48,284673,3988,83,-11795,447207
1374,8,-34,8,30,-22,-34,-22,284648,3915,193,-11776,447207
1350,-13,10,-13,15,5,10,5,284693,4154,39,-11974,447207
1307,107,23,107,-113,-22,23,-22,284689,3093,781,-11587,447206
1318,92,-35,92,-44,42,-35,42,284688,3449,567,-11909,447207
1374,26,-6,26,9,4,-6,4,284686,3676,258,-11853,447207
1412,5,-2,5,6,7,-2,7,284683,4062,-175,-11503,447206
1424,0,5,0,11,9,5,9,284610,4181,71,-12856,447205
1424,20,0,20,-141,13,0,13,284694,4248,-838,-11714,447207
1400,-63,3,-63,-137,11,3,11,284692,3898,-448,-11764,447207
1389,-6,21,-6,23,-1,21,-1,284679,4219,-99,-11911,447207
1399,-29,28,-29,-33,34,28,34,284682,3829,-370,-11447,447207
1419,-11,3,-11,-67,-43,3,-43,284656,4035,-582,-12036,447207
1399,-23,19,-23,5,10,19,10,284688,4638,499,-12162,447205
1375,-7,5,-7,12,4,5,4,284703,4360,-36,-11734,447207
1405,3,1,3,10,0,1,0,284710,3864,112,-11785,447207
1421,-17,0,-17,-679,-28,0,-28,284691,4054,-1595,-11851,447207
1424,16,2,16,-128,-25,2,-25,284708,4208,-842,-11880,447207
1422,9,21,9,12,-32,21,-32,284624,4268,-171,-12373,447207
1423,10,26,10,-10,-58,26,-58,284573,4085,107,-11536,447208
1394,38,-22,38,-21,21,-22,21,284656,4017,32,-11739,447208
1376,33,7,33,-4,-5,7,-5,284677,3730,257,-11755,447207
1407,-8,14,-8,-22,26,14,26,284671,4125,229,-11915,447208
1417,-2,-8,-2,13,1,-8,1,284669,4196,-12,-11473,447207
1422,38,9,38,-622,-192,9,-192,284651,3986,1987,-11211,447207
1394,98,3,98,-177,-33,3,-33,284693,3428,1762,-11738,447205
1376,83,-17,83,-77,24,-17,24,284703,3926,277,-11823,447208
1404,33,27,33,-18,-62,27,-62,284595,4111,-20,-12126,447208
1421,12,4,12,-441,202,4,202,284566,4085,120,-11726,447208
1410,23,28,23,22,0,28,0,284625,3749,454,-11216,447206
1365,-159,37,-159,-439,81,37,81,284660,3811,-574,-11602,447207
1388,-84,41,-84,-76,88,41,88,284656,4287,507,-12096,447207
1385,-46,2,-46,-14,3,2,3,284686,4177,9,-11623,447207
1383,-33,-61,-33,-10,-50,-61,-50,284570,3450,-551,-12922,447206
1408,6,-20,6,-6,-7,-20,-7,284668,3720,463,-11998,447205
1421,21,-11,21,-215,65,-11,65,284678,4134,-410,-11679,447208
1417,14,-28,14,18,36,-28,36,284652,4377,-225,-11164,447206
1420,54,6,54,-514,-151,6,-151,284652,4280,-1630,-12379,447207
1390,-143,-27,-143,-541,-140,-27,-140,284683,3303,-2961,-12359,447205
1390,-143,-27,-143,-541,-140,-27,-140,284683,3303,-2961,-12359,447205
1413,-18,-9,-18,52,-21,-9,-21,284703,4097,-274,-11859,447208
1413,7,13,7,2,-21,13,-21,284688,4316,-259,-12156,447207
1157,3,199,3,11,-1,199,-1,284562,3201,1,-11419,447206
1248,10,48,10,16,-4,48,-4,284653,3677,-58,-11138,447207
1363,-58,3,-58,-316,-58,3,-58,284667,3611,-907,-11820,447207
1381,20,-10,20,5,4,-10,4,284691,3976,-72,-11772,447208
1295,235,5,235,-445,-15,5,-15,284696,3534,707,-11792,447207
1375,44,43,44,52,-27,43,-27,284578,3559,547,-10753,447206
1411,8,14,8,21,-2,14,-2,284662,4109,1,-11689,447207
1422,0,3,0,-75,-62,3,-62,284669,4136,1401,-10810,447204
1390,25,0,25,0,-9,0,-9,284692,3729,245,-11781,447207
1395,63,-22,63,-146,63,-22,63,284672,3960,221,-11877,447208
1385,23,-29,23,27,13,-29,13,284689,3653,188,-12078,447207
1388,-61,-45,-61,-127,-87,-45,-87,284660,3697,-736,-12318,447207
1299,-2,51,-2,20,-18,51,-18,284660,3874,-88,-11886,447207
1337,-166,-30,-166,-471,-136,-30,-136,284660,3584,-675,-11820,447207
1389,-76,26,-76,-137,119,26,119,284584,3895,-379,-11768,447208
1349,-131,33,-131,-188,63,33,63,284662,4170,216,-11780,447207
1116,214,-49,214,-164,59,-49,59,284669,887,1989,-12255,447201
1333,28,-9,28,21,26,-9,26,284663,3379,-110,-11433,447205
1396,9,-17,9,10,21,-17,21,284634,4005,-3,-11601,447208
1415,-22,-11,-22,-139,-28,-11,-28,284666,4267,1152,-11606,447206
1422,-21,9,-21,-82,84,9,84,284646,4340,1282,-12852,447205
1373,-66,3,-66,-53,12,3,12,284701,4414,321,-11745,447207
1293,15,44,15,17,-6,44,-6,284694,4728,-310,-12101,447206
1315,152,24,152,-295,-25,24,-25,284692,3495,623,-11619,447207
1366,-78,-23,-78,-328,-112,-23,-112,284661,3814,-50,-11808,447207
1367,39,65,39,-12,-106,65,-106,284577,3689,285,-11378,447207
1410,6,19,6,-189,-16,19,-16,284685,4019,-207,-11575,447208
1389,41,29,41,-16,-30,29,-30,284676,4019,53,-11706,447208
1364,-87,-54,-87,-140,-119,-54,-119,284612,2755,-1962,-13219,447202
1409,-11,-8,-11,10,-53,-8,-53,284599,4065,-302,-12379,447207
1352,-9,-57,-9,17,-8,-57,-8,284629,3516,-71,-12200,447207
1342,-51,-95,-51,-26,-62,-95,-62,284598,4133,166,-11684,447207
1388,3,-45,3,13,2,-45,2,284669,4194,-271,-11801,447207
1199,-77,-81,-77,-16,-24,-81,-24,284672,2520,-444,-12276,447205
1297,20,61,20,-3,-47,61,-47,284594,3738,-160,-12156,447207
1386,23,22,23,-111,-33,22,-33,284674,3930,-180,-11632,447208
1415,1,7,1,-191,35,7,35,284687,4061,-361,-11652,447208
1422,-22,-7,-22,-237,-100,-7,-100,284651,4039,-959,-12162,447207
1418,-7,18,-7,29,-9,18,-9,284633,4277,0,-12195,447207
1374,55,54,55,-25,-57,54,-57,284629,3660,495,-11357,447207
1399,28,23,28,-13,-26,23,-26,284696,3810,482,-11556,447207
1411,-51,37,-51,-328,180,37,180,284589,4042,-260,-11554,447208
1397,4,55,4,31,6,55,6,284606,4042,-71,-11581,447208
1419,1,16,1,13,2,16,2,284691,4070,-27,-11609,447208
1398,97,19,97,-343,-53,19,-53,284701,4410,-1163,-11918,447207
1403,17,13,17,47,-10,13,-10,284708,4279,113,-11838,447207
1387,23,-51,23,0,33,-51,33,284606,4030,30,-11757,447208
1391,-124,-20,-124,-645,-25,-20,-25,284690,3711,-1678,-12007,447207
1417,-22,-6,-22,-14,-42,-6,-42,284692,4096,328,-11608,447207
1425,-3,-1,-3,-1,-25,-1,-25,284687,4132,-11,-11759,447208
1390,10,-31,10,8,1,-31,1,284672,4653,-146,-11353,447206
1417,2,-8,2,-39,-44,-8,-44,284669,4050,769,-11181,447206
1368,70,-23,70,-73,18,-23,18,284700,3950,132,-11852,447208
1410,10,0,10,18,0,0,0,284608,4054,104,-12033,447208
1414,-18,10,-18,-21,22,10,22,284679,3778,-772,-11374,447205
1418,-31,3,-31,-122,3,3,3,284699,4372,1164,-11766,447206
1419,-10,16,-10,17,13,16,13,284673,4056,-119,-11594,447208
1402,32,31,32,-35,-42,31,-42,284665,3891,296,-11496,447207
1397,16,-23,16,9,6,-23,6,284647,4205,0,-11534,447208
1340,-9,29,-9,10,5,29,5,284677,4586,125,-12149,447206
1360,-43,-11,-43,-29,-18,-11,-18,284684,4707,729,-11334,447205
1284,89,55,89,-54,-48,55,-48,284684,3983,-162,-11893,447207
1297,8,41,8,15,-6,41,-6,284699,2478,61,-11264,447204
1384,6,18,6,8,-5,18,-5,284703,4003,-58,-11799,447207
1238,0,42,0,10,0,42,0,284687,3189,16,-11625,447206
1340,-72,-37,-72,-152,-110,-37,-110,284618,3240,-1172,-12469,447206
1402,-9,-11,-9,-13,-24,-11,-24,284682,3992,-487,-11944,447207
1361,-36,-55,-36,-2,-29,-55,-29,284664,3859,-107,-11973,447207
1361,-36,-55,-36,-2,-29,-55,-29,284664,3859,-107,-11973,447207
1365,35,-36,35,-23,17,-36,17,284698,3622,254,-12125,447207
1385,-51,-6,-51,-130,13,-6,13,284696,4069,220,-11898,447208
1408,-5,-14,-5,21,9,-14,9,284685,4013,-66,-11905,447208
1422,0,-3,0,13,0,-3,0,284688,4123,-3,-11849,447208
1413,0,-6,0,11,0,-6,0,284707,3938,0,-11889,447207
1404,36,-13,36,-56,21,-13,21,284686,3808,556,-11951,447207
1415,-11,21,-11,-10,67,21,67,284594,4063,-49,-11671,447208
1378,171,-14,171,-647,90,-14,90,284657,3712,1297,-11900,447207
1391,53,-52,53,40,73,-52,73,284594,4127,100,-11634,447208
1396,144,-3,144,-823,-62,-3,-62,284677,3734,1994,-11775,447207
1419,26,1,26,81,-27,1,-27,284675,4089,341,-11586,447208
1425,3,2,3,17,-12,2,-12,284636,4142,46,-11693,447208
1427,2,-3,2,-5,80,-3,80,284462,4118,726,-14034,447204
1418,3,5,3,17,11,5,11,284643,4218,-6,-11848,447208
1392,-65,-46,-65,-116,-96,-46,-96,284622,4974,1854,-10473,447203
1303,-12,48,-12,27,-20,48,-20,284656,3879,-59,-11925,447207
1313,94,33,94,-90,-25,33,-25,284693,3662,170,-11611,447207
1382,14,26,14,26,-2,26,-2,284689,3671,99,-11339,447207
1410,35,17,35,-215,-67,17,-67,284673,4442,-2583,-12480,447202
1417,0,14,0,24,-1,14,-1,284681,3867,-214,-11286,447205
1392,-42,6,-42,-41,0,6,0,284696,3984,-138,-11741,447208
1390,37,20,37,-61,-31,20,-31,284697,3995,27,-11741,447208
1396,19,1,19,5,-2,1,-2,284713,4201,-51,-11702,447208
1419,6,0,6,-21,44,0,44,284680,4118,-167,-11538,447208
1418,-29,3,-29,-120,24,3,24,284700,4042,-419,-11738,447208
1382,-44,-13,-44,-9,-9,-13,-9,284688,4294,141,-11709,447207
1409,-10,-2,-10,9,0,-2,0,284712,4168,-26,-11837,447208
1308,-24,-104,-24,13,-18,-104,-18,284617,3569,-64,-12155,447207
1324,93,60,93,-122,-129,60,-129,284554,3139,951,-11202,447206
1302,64,76,64,-2,-49,76,-49,284617,4457,-147,-11974,447206
1345,86,-8,86,-117,43,-8,43,284657,3828,148,-11564,447207
1403,11,-1,11,-194,77,-1,77,284662,4009,463,-11886,447208
1415,4,-13,4,26,15,-13,15,284681,3834,89,-12222,447206
1197,337,-118,337,-488,172,-118,172,284654,1560,3288,-12975,447203
1359,52,-35,52,54,32,-35,32,284698,3693,325,-12090,447207
1402,-9,-18,-9,-42,-18,-18,-18,284708,3904,-287,-12052,447207
1392,-111,27,-111,-419,125,27,125,284659,4725,2516,-12564,447205
1333,206,28,206,-515,-25,28,-25,284701,3666,593,-11656,447207
1400,36,5,36,-22,61,5,61,284658,3997,-232,-11261,447207
1419,4,2,4,7,15,2,15,284712,4063,-123,-11702,447207
1426,0,0,0,-50,9,0,9,284720,4142,487,-11808,447207
1324,-167,-20,-167,-251,-33,-20,-33,284706,3610,-625,-11881,447207
1397,-21,-4,-21,-353,-98,-4,-98,284689,3955,702,-11628,447207
1366,-60,-28,-60,-9,-46,-28,-46,284704,4920,858,-11339,447205
1396,26,29,26,-86,-112,29,-112,284584,4084,-258,-12052,447208
1412,-3,6,-3,21,-20,6,-20,284683,3991,-19,-11738,447208
1424,-1,2,-1,-53,38,2,38,284672,4172,-1452,-10873,447202
1420,-11,0,-11,-5,4,0,4,284684,4096,-100,-11775,447208
1412,67,-27,67,-332,135,-27,135,284641,3638,2395,-12730,447204
1364,72,-18,72,-20,31,-18,31,284674,5104,-917,-11765,447204
1335,14,-55,14,28,11,-55,11,284672,3646,183,-12031,447207
1400,11,-11,11,-117,-89,-11,-89,284658,3991,65,-11941,447208
1419,-6,-7,-6,-92,-75,-7,-75,284666,4196,1180,-11203,447205
1425,-13,2,-13,-114,29,2,29,284700,4167,-20,-11791,447208
1392,-58,61,-58,-65,99,61,99,284609,4654,788,-12707,447206
1348,84,1,84,-107,39,1,39,284682,4070,-177,-11599,447207
1398,24,1,24,0,5,1,5,284714,3989,166,-11779,447208
1333,-68,-49,-68,-52,-42,-49,-42,284691,3409,-477,-12156,447207
1394,-3,-50,-3,6,33,-50,33,284530,4090,-244,-11309,447207
1390,45,-58,45,-64,77,-58,77,284586,4295,-400,-11553,447207
1396,41,34,41,-41,-73,34,-73,284559,4472,-585,-12931,447206
1419,7,8,7,-6,-9,8,-9,284663,4131,21,-11725,447208
1363,17,11,17,14,-3,11,-3,284678,4842,-226,-11881,447206
1402,-20,5,-20,-77,5,5,5,284693,3891,-532,-11712,447207
1414,-1,-2,-1,18,2,-2,2,284689,4237,-53,-11682,447207
1411,13,-23,13,-2,23,-23,23,284673,4520,-402,-11149,447206
1418,-28,5,-28,-240,97,5,97,284656,4087,-341,-11716,447208
1408,21,12,21,0,0,12,0,284696,4027,126,-11706,447208
1418,-38,19,-38,-374,152,19,152,284651,4040,-860,-11439,447208
1288,-141,7,-141,-93,26,7,26,284693,3301,-694,-11733,447207
1288,-141,7,-141,-93,26,7,26,284693,3301,-694,-11733,447207
1375,-70,19,-70,-168,71,19,71,284671,3917,-148,-11786,447208
1412,-22,9,-22,-284,97,9,97,284679,4089,553,-11887,447208
1418,0,-2,0,32,20,-2,20,284697,4248,-138,-11673,447208
1425,1,-2,1,-91,107,-2,107,284611,4166,-686,-11116,447207
1413,12,22,12,8,-7,22,-7,284646,4198,-30,-11909,447208
1241,-38,65,-38,1,11,65,11,284676,3667,-24,-11654,447207
1358,-49,24,-49,-119,17,24,17,284680,3816,8,-11599,447208
1366,-96,-34,-96,-161,-92,-34,-92,284667,2892,-2453,-12855,447202
1388,-53,-50,-53,-38,-82,-50,-82,284635,4334,368,-11342,447207
1409,-7,29,-7,15,-15,29,-15,284398,4259,-80,-12963,447207
1410,26,23,26,-56,-39,23,-39,284609,4237,-303,-11847,447208
1392,3,5,3,16,-5,5,-5,284683,4737,-25,-11696,447205
1391,24,-12,24,-7,12,-12,12,284702,3641,426,-11993,447206
1344,-22,38,-22,0,17,38,17,284691,4828,328,-5724,447206
1324,19,119,19,5,-31,119,-31,284545,5185,-475,-5706,447204
1334,70,2,70,-40,19,2,19,284650,3108,760,-11793,447206
1313,-179,26,-179,-399,62,26,62,284670,4104,610,-11851,447207
1385,-24,13,-24,54,7,13,7,284708,3946,-288,-11723,447208
1415,-2,4,-2,19,-4,4,-4,284692,4079,25,-11699,447208
1422,14,0,14,-92,3,0,3,284709,4183,-255,-11770,447208
1341,180,27,180,-348,-55,27,-55,284701,4586,-1122,-11968,447207
1392,42,0,42,25,3,0,3,284704,4007,273,-11702,447208
1402,-19,21,-19,-28,36,21,36,284679,3740,-521,-11299,447206
1419,-20,7,-20,-258,19,7,19,284690,4016,-1459,-11593,447207
1422,-29,2,-29,-186,3,2,3,284693,4220,492,-11763,447208
1317,-64,20,-64,-4,9,20,9,284708,4836,397,-11914,447206
1394,-13,-4,-13,-8,-58,-4,-58,284517,3921,-305,-12280,447207
1414,-21,8,-21,-94,40,8,40,284631,3947,-863,-11378,447207
1422,-11,-7,-11,-5,-29,-7,-29,284646,4136,-85,-11838,447208
1422,-30,-15,-30,-163,-82,-15,-82,284670,4254,498,-11602,447208
1404,-89,-15,-89,-258,-54,-15,-54,284700,4482,1005,-11672,447207
1283,-186,29,-186,-180,33,29,33,284705,4041,0,-11858,447207
1293,20,25,20,5,-6,25,-6,284695,4196,-513,-11781,447207
1321,130,-34,130,-223,76,-34,76,284687,3127,1279,-12122,447206
1330,83,-54,83,-26,54,-54,54,284673,4694,-563,-11356,447205
1291,-27,-59,-27,0,-4,-59,-4,284693,2753,-250,-12329,447205
1386,-10,-27,-10,-53,-111,-27,-111,284502,3925,-12,-11928,447208
1380,52,-2,52,-62,-28,-2,-28,284656,4218,-247,-11901,447208
1348,160,19,160,-332,-51,19,-51,284689,4498,-1106,-11958,447207
1394,-15,16,-15,-122,37,16,37,284682,4160,836,-11877,447207
1393,8,9,8,15,4,9,4,284695,3422,263,-11633,447204
1379,-9,-25,-9,10,-7,-25,-7,284672,3839,-52,-11926,447207
1350,83,-35,83,-96,35,-35,35,284698,3261,998,-12203,447206
1398,43,11,43,-107,-93,11,-93,284619,4337,-1193,-12792,447205
1407,8,16,8,19,-16,16,-16,284669,3963,86,-11591,447208
1408,54,9,54,-198,-20,9,-20,284712,3941,755,-11676,447207
1390,-178,-38,-178,-1002,-239,-38,-239,284657,3674,-2289,-12303,447207
1379,-100,-26,-100,-35,-67,-26,-67,284704,3664,-1064,-12079,447207
1347,8,-68,8,10,10,-68,10,284654,3658,-2,-12176,447207
1339,103,52,103,-144,-114,52,-114,284614,3660,485,-11672,447207
1358,64,26,64,-27,-30,26,-30,284684,3085,1119,-11408,447204
1389,20,-22,20,7,12,-22,12,284650,4003,83,-11724,447208
1416,8,-7,8,-37,8,-7,8,284698,4177,-1107,-11731,447204
1395,-13,-12,-13,4,-4,-12,-4,284706,3303,-410,-12088,447204
1378,-23,-67,-23,13,-36,-67,-36,284607,4429,199,-11222,447207
1384,-21,-2,-21,1,4,-2,4,284681,3605,-302,-11738,447206
1352,70,-42,70,-74,49,-42,49,284687,4309,-388,-11608,447207
1405,7,-11,7,-216,72,-11,72,284685,4050,172,-11940,447208
1420,14,4,14,-25,-36,4,-36,284682,4315,-1120,-12595,447205
1335,-40,92,-40,-8,37,92,37,284616,3356,-307,-11089,447206
1377,-11,19,-11,26,7,19,7,284692,4022,-111,-11503,447208
1385,-66,-22,-66,-126,-66,-22,-66,284680,3805,-599,-11991,447207
1388,-59,-30,-59,-66,-53,-30,-53,284682,3741,-713,-12169,447207
1410,-56,-18,-56,-322,-71,-18,-71,284696,4155,280,-11809,447208
1422,-9,-6,-9,37,-11,-6,-11,284684,4152,-93,-11963,447208
1421,-35,20,-35,-211,143,20,143,284605,4560,2526,-13253,447203
1401,80,-18,80,-285,112,-18,112,284661,4307,-631,-11576,447208
1420,6,-5,6,-47,13,-5,13,284706,4125,-283,-11865,447208
1401,30,-20,30,-16,25,-20,25,284696,4077,66,-11863,447208
1420,2,-7,2,-8,-3,-7,-3,284718,4110,-185,-11934,447207
1420,2,-7,2,-8,-3,-7,-3,284718,4110,-185,-11934,447207
1417,14,38,14,-9,-72,38,-72,284573,3902,472,-11052,447207
1416,57,23,57,-325,-77,23,-77,284641,3935,1458,-11373,447207
1346,54,35,54,12,-28,35,-28,284687,4156,42,-11765,447208
1377,25,-4,25,0,5,-4,5,284709,3990,103,-11690,447208
1397,44,15,44,-92,-41,15,-41,284709,4400,-770,-12142,447207
1414,32,6,32,-113,-15,6,-15,284714,4150,-15,-11755,447208
1415,-20,-15,-20,-40,-49,-15,-49,284678,4015,-388,-12060,447207
1378,-20,19,-20,8,0,19,0,284698,4217,8,-11893,447208
1310,102,36,102,-94,-32,36,-32,284700,4585,-672,-11923,447207
1326,99,-32,99,-84,50,-32,50,284684,3753,317,-11763,447207
1381,-46,-40,-46,-222,-109,-40,-109,284644,4287,1387,-11291,447207
1412,0,-11,0,-12,-20,-11,-20,284691,3999,482,-11879,447207
1369,69,-8,69,-76,3,-8,3,284719,3874,273,-11840,447208
1410,8,-2,8,-212,30,-2,30,284723,4092,837,-11910,447208
1297,-21,104,-21,26,23,104,23,284641,3528,-73,-11423,447207
1386,-12,41,-12,-8,34,41,34,284657,3890,-195,-11292,447208
1415,-2,12,-2,-771,-147,12,-147,284673,4118,3,-11678,447208
1156,-46,4,-46,69,-24,4,-24,284701,3197,-97,-11766,447206
1347,-1,0,-1,-201,90,0,90,284653,3707,-1494,-11157,447206
1395,11,1,11,15,14,1,14,284706,4233,-215,-11786,447207
1413,27,6,27,-148,-37,6,-37,284705,4075,367,-11706,447208
1419,-20,-1,-20,-91,-30,-1,-30,284709,4027,-616,-11922,447207
1366,-41,31,-41,-7,16,31,16,284697,3706,-283,-11614,447207
1399,-18,0,-18,-1,-9,0,-9,284697,3976,-189,-11747,447208
1348,168,25,168,-380,-61,25,-61,284713,3339,1530,-11547,447206
1401,42,23,42,19,-53,23,-53,284657,3975,523,-11425,447208
1417,-22,-6,-22,-233,-125,-6,-125,284649,4045,-850,-12162,447207
1420,3,-4,3,23,-14,-4,-14,284675,3896,296,-12020,447205
1415,-46,24,-46,-198,111,24,111,284633,4166,-69,-11758,447208
1394,-87,-29,-87,-156,-76,-29,-76,284649,3684,-1131,-12250,447207
1415,-39,-10,-39,-213,-30,-10,-30,284702,3968,-1769,-11999,447206
1411,-43,3,-43,-79,15,3,15,284692,4029,-434,-11722,447208
1419,-14,12,-14,-2,32,12,32,284668,4269,185,-12157,447207
1424,0,1,0,-6,23,1,23,284702,4257,-492,-11440,447206
1392,-40,-12,-40,-34,-10,-12,-10,284712,3862,-320,-11890,447207
1408,-38,-9,-38,-73,-22,-9,-22,284706,3897,-837,-11982,447207
1315,159,39,159,-232,-65,39,-65,284681,5280,-1958,-12271,447205
1267,-167,-103,-167,-249,-189,-103,-189,284598,3350,-467,-12073,447207
1373,16,-2,16,-229,-202,-2,-202,284557,3689,937,-11316,447207
1411,-11,-9,-11,-181,-159,-9,-159,284601,4087,-27,-11831,447208
1401,40,35,40,-45,-100,35,-100,284612,4866,-1310,-12959,447203
1388,91,9,91,-175,-9,9,-9,284689,3792,865,-11706,447207
1412,4,20,4,6,34,20,34,284630,4271,417,-12276,447207
1414,9,-8,9,0,20,-8,20,284669,4269,-93,-11599,447208
1421,-14,-5,-14,-64,-9,-5,-9,284705,4359,945,-11621,447206
1412,112,-26,112,-937,199,-26,199,284669,4009,1379,-12131,447208
1424,18,-5,18,52,-33,-5,-33,284581,4190,405,-11489,447208
1416,0,15,0,15,0,15,0,284655,3970,-25,-11478,447207
1422,26,22,26,-259,-186,22,-186,284564,4220,-335,-11991,447208
1396,64,-2,64,-86,-14,-2,-14,284682,4752,-1118,-11615,447206
1297,66,79,66,-3,-42,79,-42,284658,3158,487,-11266,447206
1351,43,-9,43,-16,21,-9,21,284671,3783,218,-11644,447208
1372,75,-74,75,-125,147,-74,147,284550,4205,-289,-11450,447208
1412,10,-18,10,11,41,-18,41,284645,4119,221,-12232,447208
1407,2,-9,2,12,7,-9,7,284685,3697,18,-11964,447205
1397,29,16,29,-23,-21,16,-21,284696,4216,-84,-11877,447208
1394,-99,-42,-99,-425,-204,-42,-204,284606,4125,41,-11728,447208
1406,19,-40,19,-47,46,-40,46,284622,3858,631,-12559,447207
1328,236,-83,236,-533,172,-83,172,284622,4504,-975,-11615,447207
1393,48,-45,48,43,66,-45,66,284618,4096,245,-11774,447208
1387,-143,49,-143,-728,321,49,321,284542,3624,-2304,-10939,447206
1417,-21,14,-21,76,50,14,50,284666,4181,-356,-11657,447207
1420,-8,-1,-8,14,4,-1,4,284700,4126,-100,-11803,447208
1392,-32,-5,-32,-18,-4,-5,-4,284710,3738,-388,-11865,447207
1417,-12,1,-12,-389,250,1,250,284558,4161,411,-12153,447208
1370,38,-28,38,12,62,-28,62,284656,4071,8,-11823,447208
1406,44,0,44,-298,-65,0,-65,284688,3952,1297,-11566,447207
1419,7,-3,7,37,-8,-3,-8,284707,4241,32,-11702,447208
1421,29,1,29,-100,-12,1,-12,284692,4058,697,-11742,447207
1398,44,-50,44,-23,65,-50,65,284617,4543,-483,-11107,447207
1398,44,-50,44,-23,65,-50,65,284617,4543,-483,-11107,447207
1412,4,-26,4,13,8,-26,8,284676,4164,78,-11916,447208
1303,176,37,176,-234,-63,37,-63,284694,3588,734,-11703,447207
1385,49,7,49,-21,3,7,3,284712,3700,1182,-11863,447205
1301,59,84,59,-8,-35,84,-35,284650,4569,-155,-12195,447207
1370,0,47,0,7,6,47,6,284678,4181,234,-11721,447207
1347,45,60,45,-14,-33,60,-33,284679,4088,-49,-11701,447208
1370,90,-38,90,-189,133,-38,133,284621,4473,-1014,-10845,447207
1296,-18,-104,-18,19,-4,-104,-4,284610,4068,154,-11816,447207
1325,121,-156,121,-214,230,-156,230,284441,4325,-779,-11321,447207
1397,21,-44,21,25,29,-44,29,284613,4003,332,-12173,447208
1419,3,-11,3,13,2,-11,2,284672,4160,54,-11921,447208
1425,-3,-2,-3,-194,91,-2,91,284652,4231,1212,-12365,447207
1394,20,60,20,13,-23,60,-23,284596,4181,0,-11752,447208
1417,0,12,0,4,-23,12,-23,284627,4184,59,-11504,447208
1322,-44,-17,-44,-8,-13,-17,-13,284688,3832,-96,-11802,447207
1350,42,49,42,-34,-64,49,-64,284651,4249,-350,-12210,447207
1399,19,-4,19,-15,33,-4,33,284626,4357,-560,-10666,447205
1364,-74,-9,-74,-95,-6,-9,-6,284696,3631,-585,-11890,447207
1406,11,2,11,-138,-40,2,-40,284700,3992,542,-11650,447207
1421,9,-1,9,-282,95,-1,95,284679,4196,-286,-11678,447208
1352,16,43,16,37,6,43,6,284676,3972,72,-11713,447208
1342,-63,71,-63,-26,58,71,58,284656,3523,-466,-11226,447207
1390,-12,-30,-12,12,-1,-30,-1,284477,3933,-125,-12093,447208
1318,96,-56,96,-76,45,-56,45,284618,4581,-566,-11606,447207
1395,15,-15,15,14,0,-15,0,284678,4014,252,-11884,447208
1358,-84,-73,-84,-88,-94,-73,-94,284615,4030,-46,-11897,447208
1221,11,118,11,16,-32,118,-32,284568,3906,-118,-12051,447207
1364,-4,51,-4,-4,45,51,45,284525,3845,87,-11619,447208
1376,-80,19,-80,-184,18,19,18,284651,3841,-563,-11601,447208
1380,-46,41,-46,-4,37,41,37,284655,4519,291,-12207,447207
1228,153,39,153,-128,-16,39,-16,284699,4807,-888,-11824,447206
1232,-180,-58,-180,-282,-107,-58,-107,284676,4475,1472,-11263,447206
1357,-44,3,-44,15,10,3,10,284673,3804,-337,-11907,447208
1381,68,-34,68,-213,109,-34,109,284661,3651,1152,-12371,447207
1325,-202,-7,-202,-476,25,-7,25,284710,4306,735,-11912,447208
1360,-115,-62,-115,-127,-131,-62,-131,284610,4495,793,-10980,447207
1386,-16,-38,-16,24,-20,-38,-20,284664,4201,-160,-11877,447208
1407,2,2,2,9,-11,2,-11,284674,4125,-8,-11860,447208
1414,25,16,25,-52,-44,16,-44,284686,4408,-572,-12184,447207
1411,69,23,69,-319,-99,23,-99,284660,4314,-575,-11907,447208
1394,-6,50,-6,29,9,50,9,284635,4224,116,-11814,447208
1382,76,-8,76,-147,52,-8,52,284678,3777,661,-11865,447207
1398,-28,11,-28,-60,40,11,40,284703,4412,672,-12035,447207
1410,-20,-40,-20,-12,-73,-40,-73,284473,4612,750,-9332,447204
1394,91,-10,91,-268,-22,-10,-22,284646,4234,-250,-11892,447208
1299,75,39,75,3,-25,39,-25,284677,2893,753,-11422,447206
1380,-23,6,-23,-93,-22,6,-22,284710,3954,26,-11666,447208
1331,134,45,134,-202,-74,45,-74,284688,3114,1395,-11309,447206
1348,46,36,46,18,-23,36,-23,284709,4236,87,-11764,447208
1405,7,10,7,5,-11,10,-11,284714,4090,85,-11661,447208
1417,-13,-15,-13,-52,-71,-15,-71,284646,4254,264,-11510,447208
1377,69,11,69,-86,-35,11,-35,284698,4124,-6,-11837,447208
1402,66,27,66,-289,-133,27,-133,284661,4260,-618,-12061,447208
1368,-111,10,-111,-252,-16,10,-16,284710,2466,-3758,-11643,447198
1406,-9,-7,-9,12,20,-7,20,284684,4106,-147,-11813,447208
1336,-129,-95,-129,-172,-140,-95,-140,284585,4370,478,-11507,447208
1400,-21,-29,-21,27,-28,-29,-28,284660,4146,-107,-11881,447207
1394,-54,26,-54,-93,67,26,67,284655,4623,950,-12478,447207
1407,-28,-16,-28,-16,-34,-16,-34,284632,4368,263,-11258,447207
1422,-2,-7,-2,-10,54,-7,54,284528,4211,-86,-11706,447208
1384,-23,27,-23,3,25,27,25,284638,5229,621,-12545,447203
1361,-18,21,-18,6,7,21,7,284695,3361,-235,-11525,447206
1404,0,2,0,14,4,2,4,284708,4113,-35,-11727,447208
1412,18,14,18,-19,-24,14,-24,284690,3926,499,-11399,447207
1419,36,4,36,-203,-2,4,-2,284719,4139,456,-11758,447208
1420,29,0,29,-105,6,0,6,284713,4083,853,-11817,447207
1426,7,-10,7,-2,54,-10,54,284593,4236,89,-11999,447208
1422,0,1,0,9,11,1,11,284680,4330,68,-11885,447208
1331,-218,33,-218,-489,77,33,77,284702,4157,97,-11803,447208
1400,-37,9,-37,-61,-27,9,-27,284700,4048,-581,-11774,447208
1400,-37,9,-37,-61,-27,9,-27,284700,4048,-581,-11774,447208
1409,14,17,14,-12,-30,17,-30,284695,4689,-972,-12421,447203
1415,-1,-5,-1,24,-11,-5,-11,284696,4283,70,-11615,447208
1414,-56,7,-56,-275,43,7,43,284704,4305,476,-11876,447208
1376,-101,-56,-101,-141,-105,-56,-105,284640,4986,1468,-10759,447205
1403,23,-8,23,-135,-51,-8,-51,284691,4263,-664,-12070,447208
1384,56,-21,56,-49,18,-21,18,284689,4524,-463,-11636,447207
1411,-29,-8,-29,-305,-15,-8,-15,284710,4265,936,-11812,447208
1386,5,-30,5,35,6,-30,6,284687,4753,-243,-11354,447206
1408,-11,-5,-11,-6,6,-5,6,284708,4151,-21,-11879,447208
1347,5,7,5,17,0,7,0,284710,3314,60,-11708,447206
1326,31,-14,31,0,6,-14,6,284706,4571,-225,-11653,447207
1354,26,24,26,1,-16,24,-16,284688,4482,-211,-12155,447207
1403,11,2,11,-5,13,2,13,284696,4014,338,-11943,447207
1402,-15,48,-15,0,45,48,45,284580,4262,76,-11999,447208
1330,31,-32,31,-2,26,-32,26,284651,4969,-368,-11161,447206
1390,-5,7,-5,-3,25,7,25,284667,4105,110,-11976,447208
1411,28,12,28,-156,-46,12,-46,284686,4161,84,-11733,447208
1360,243,11,243,-861,-35,11,-35,284713,3419,2613,-11679,447206
1398,25,-4,25,75,-16,-4,-16,284703,4460,821,-11453,447206
1419,-17,-6,-17,-694,-194,-6,-194,284659,4133,-1795,-12298,447207
1421,15,9,15,-9,-83,9,-83,284676,3996,1075,-10989,447205
1317,118,-29,118,-112,21,-29,21,284701,4147,-47,-11718,447208
1375,58,-6,58,-55,0,-6,0,284711,4583,-875,-11915,447205
1341,-63,-61,-63,-58,-60,-61,-60,284662,4353,391,-11587,447208
1387,-46,-16,-46,-51,-7,-16,-7,284695,4585,927,-12021,447205
1216,173,-90,173,-147,75,-90,75,284673,5060,-1140,-11329,447206
1355,-22,-7,-22,-224,113,-7,113,284667,3840,327,-12092,447208
1320,-38,13,-38,19,23,13,23,284706,4166,-7,-11837,447208
1390,36,17,36,-305,-107,17,-107,284690,3901,1010,-11379,447207
1326,3,45,3,44,-17,45,-17,284686,4191,28,-11792,447208
1321,86,83,86,-82,-82,83,-82,284648,4324,-403,-12001,447207
1396,8,25,8,-148,23,25,23,284694,4099,1391,-11801,447206
1419,0,9,0,38,-2,9,-2,284709,4173,57,-11599,447208
1290,-87,61,-87,-43,37,61,37,284684,5080,677,-12205,447206
1386,-10,16,-10,-21,38,16,38,284658,3977,279,-11954,447207
1415,0,7,0,-12,-40,7,-40,284606,4186,-54,-11820,447208
1411,46,44,46,-151,-154,44,-154,284545,4385,-501,-12205,447208
1393,5,43,5,24,-21,43,-21,284639,3832,32,-11294,447207
1407,35,25,35,-94,-42,25,-42,284684,4282,-342,-11766,447208
1398,98,-3,98,-314,31,-3,31,284711,4243,-152,-11683,447208
1360,-52,-18,-52,-39,-13,-18,-13,284706,4174,246,-11781,447208
1389,84,-50,84,-463,228,-50,228,284600,4305,-1168,-11353,447208
1376,93,49,93,-107,-91,49,-91,284589,3473,1447,-10867,447206
1341,73,79,73,-18,-71,79,-71,284622,5688,-1055,-13210,447201
1400,-7,21,-7,-134,-33,21,-33,284679,4108,217,-11522,447208
1413,-4,16,-4,21,-2,16,-2,284699,4311,0,-11850,447208
1397,84,28,84,-244,-69,28,-69,284691,4264,-201,-11794,447208
1407,71,18,71,-258,-62,18,-62,284707,4136,407,-11658,447208
1418,-21,0,-21,-207,-42,0,-42,284710,4366,1081,-11605,447208
1414,-41,-30,-41,-94,-108,-30,-108,284627,4505,829,-11064,447207
1376,32,32,32,-9,-50,32,-50,284641,3316,645,-11137,447205
1294,-61,99,-61,-24,41,99,41,284635,3819,-70,-11539,447208
1388,-12,29,-12,-415,138,29,138,284660,4019,-111,-11503,447208
1359,20,-69,20,40,53,-69,53,284600,4187,-3,-11436,447208
1401,17,-3,17,-2,-28,-3,-28,284638,4459,-625,-12787,447205
1412,-13,-13,-13,-4,-27,-13,-27,284681,4456,463,-11441,447207
1418,27,14,27,-93,-69,14,-69,284668,3923,1073,-11141,447206
1348,45,-24,45,-2,3,-24,3,284697,3569,330,-11957,447207
1376,-49,-3,-49,-59,12,-3,12,284711,4459,630,-11937,447207
1409,-7,8,-7,15,3,8,3,284686,4121,-79,-11707,447208
1388,39,-28,39,-33,36,-28,36,284682,4384,-226,-11591,447208
1350,-177,27,-177,-469,110,27,110,284685,4062,128,-11839,447208
1371,-46,45,-46,45,38,45,38,284676,4746,76,-12457,447205
1387,11,24,11,9,-1,24,-1,284699,5111,-632,-12061,447201
1416,-3,6,-3,-15,-10,6,-10,284706,4203,31,-11712,447208
1416,1,-2,1,12,0,-2,0,284710,4310,-33,-11744,447208
1397,-28,6,-28,-16,7,6,7,284707,4660,445,-11921,447207
1407,5,6,5,3,-2,6,-2,284709,4237,-80,-11788,447208
1401,-68,12,-68,-224,32,12,32,284707,4054,-464,-11722,447208
1420,-9,3,-9,-5,0,3,0,284711,4243,-623,-11811,447207
1420,-9,3,-9,-5,0,3,0,284711,4243,-623,-11811,447207
1417,23,17,23,-44,-37,17,-37,284684,4163,205,-11640,447208
1392,11,36,11,11,-15,36,-15,284671,4962,-192,-12467,447205
1407,-40,26,-40,-149,58,26,58,284675,3965,-866,-11342,447207
1357,161,-56,161,-422,180,-56,180,284638,4572,-1257,-11281,447207
1252,183,-98,183,-110,111,-98,111,284657,5145,-1041,-11308,447205
1297,162,-25,162,-170,3,-25,3,284695,3894,160,-12095,447208
1378,0,-13,0,-28,-12,-13,-12,284707,3986,247,-11881,447208
1384,-71,-50,-71,-166,-119,-50,-119,284634,4214,216,-11694,447208
1415,-10,-15,-10,-11,23,-15,23,284651,4195,-349,-11667,447208
1401,-22,-10,-22,-9,-3,-10,-3,284707,4540,306,-11752,447207
1393,-54,-22,-54,-80,-36,-22,-36,284697,3656,-1057,-12172,447206
1395,-64,-34,-64,-106,-71,-34,-71,284664,4527,749,-11435,447207
1419,-8,-11,-8,-70,6,-11,6,284705,4194,922,-12082,447206
1424,-1,-2,-1,22,2,-2,2,284703,4263,-14,-11819,447208
1399,-54,-3,-54,-92,-4,-3,-4,284710,4200,-43,-11800,447208
1416,-9,-5,-9,18,0,-5,0,284702,4169,-91,-11876,447208
1419,16,1,16,-37,-10,1,-10,284707,4185,206,-11756,447208
1414,18,-33,18,-6,41,-33,41,284616,4320,-65,-11593,447208
1389,34,41,34,-15,-39,41,-39,284610,4343,-108,-12094,447208
1398,27,28,27,-14,-24,28,-24,284676,3566,738,-11205,447205
1407,90,-20,90,-601,203,-20,203,284634,4563,-2606,-10804,447206
1417,49,-4,49,-167,17,-4,17,284695,4319,-435,-11898,447208
1388,-95,19,-95,-259,59,19,59,284698,4177,16,-11792,447208
1349,35,14,35,0,2,14,2,284713,4568,-494,-11793,447207
1342,-21,9,-21,0,2,9,2,284710,5441,617,-11830,447202
1384,21,5,21,-20,-2,5,-2,284711,3972,103,-11750,447208
1345,-183,-54,-183,-480,-152,-54,-152,284665,4817,1890,-11182,447207
1367,-37,-16,-37,54,-24,-16,-24,284709,3699,-379,-11954,447207
1410,3,-3,3,-362,-73,-3,-73,284701,4155,124,-11806,447208
1396,59,-33,59,-90,60,-33,60,284674,4758,-1218,-11139,447206
1384,-56,-2,-56,-106,23,-2,23,284703,4354,422,-11926,447208
1415,-4,-3,-4,-52,46,-3,46,284686,4156,440,-12115,447208
1419,-46,-11,-46,-257,-90,-11,-90,284682,4506,1751,-11242,447206
1262,72,-32,72,9,4,-32,4,284698,4494,-257,-11725,447207
1379,10,-9,10,11,1,-9,1,284712,3995,146,-11946,447207
1357,148,-74,148,-373,192,-74,192,284617,4719,-1497,-11019,447207
1317,27,28,27,52,26,28,26,284662,4653,191,-12362,447207
1378,41,-10,41,-58,40,-10,40,284678,3498,1254,-12312,447205
1357,4,12,4,15,7,12,7,284696,4908,113,-12028,447206
1361,-84,82,-84,-147,149,82,149,284578,4101,111,-11790,447208
1401,-53,15,-53,-216,-33,15,-33,284657,3850,-1936,-11969,447206
1420,-10,6,-10,-4,29,6,29,284667,4257,201,-11984,447208
1403,-40,-8,-40,-51,-7,-8,-7,284695,4384,168,-11754,447208
1386,3,18,3,13,-8,18,-8,284697,2987,320,-11124,447200
1402,-31,0,-31,-65,-15,0,-15,284709,4328,352,-11679,447208
1416,-25,19,-25,-84,94,19,94,284620,4131,-549,-11346,447208
1409,4,-22,4,29,35,-22,35,284641,3936,120,-12273,447207
1422,2,-4,2,5,-12,-4,-12,284662,4248,67,-11732,447208
1425,-16,0,-16,-183,3,0,3,284700,4330,606,-11810,447208
1421,16,-8,16,-31,27,-8,27,284697,4449,-512,-11566,447208
1421,-15,13,-15,-51,57,13,57,284673,4543,949,-12569,447206
1296,-140,-121,-140,-132,-124,-121,-124,284593,5060,1011,-10811,447206
1383,4,-14,4,-96,-123,-14,-123,284598,3613,1637,-10575,447202
1384,-65,27,-65,-116,47,27,47,284657,3735,-949,-11412,447207
1295,-143,21,-143,-109,24,21,24,284697,5098,971,-11843,447206
1341,-69,5,-69,-19,2,5,2,284711,3801,-414,-11731,447208
1387,1,28,1,2,-23,28,-23,284662,4357,-332,-12222,447207
1416,8,7,8,-166,16,7,16,284696,4226,-137,-11686,447208
1419,14,-14,14,-3,40,-14,40,284660,4269,35,-11797,447208
1417,3,-4,3,10,7,-4,7,284707,4261,26,-11825,447208
1390,28,-1,28,-11,1,-1,1,284711,3566,525,-11796,447206
1378,-69,39,-69,-128,75,39,75,284669,4802,1290,-12466,447206
1408,-9,6,-9,21,11,6,11,284700,4107,-100,-11754,447208
1420,-3,6,-3,7,8,6,8,284702,4414,222,-12083,447206
1389,91,-39,91,-222,105,-39,105,284667,4351,-338,-11649,447208
1379,39,27,39,20,-6,27,-6,284668,3949,270,-11696,447208
1342,-4,86,-4,11,8,86,8,284624,3763,0,-11340,447208
1397,-36,29,-36,-191,23,29,23,284694,4262,764,-11615,447208
1406,-42,9,-42,-78,6,9,6,284710,4353,351,-11719,447208
1371,171,0,171,-607,12,0,12,284711,4323,-562,-11754,447208
1371,171,0,171,-607,12,0,12,284711,4323,-562,-11754,447208
1365,60,-7,60,47,5,-7,5,284709,4274,155,-11760,447208
1392,-30,-31,-30,-81,-69,-31,-69,284659,4516,963,-11198,447207
1378,-60,4,-60,-59,7,4,7,284705,4636,572,-12035,447207
1342,63,-57,63,-59,63,-57,63,284661,3818,176,-12020,447208
1336,-103,-56,-103,-175,-61,-56,-61,284673,4229,434,-11843,447208
1382,-76,-14,-76,-149,-9,-14,-9,284703,4279,534,-12040,447208
1209,34,4,34,18,0,4,0,284711,3379,-30,-11823,447207
1350,1,6,1,18,2,6,2,284708,3487,-36,-11631,447206
1401,0,0,0,18,1,0,1,284708,3915,-74,-11903,447206
1419,-2,3,-2,-2,17,3,17,284689,4216,-204,-11554,447208
1415,-79,-8,-79,-517,-50,-8,-50,284708,3983,-1994,-11995,447207
1425,-11,-4,-11,38,21,-4,21,284669,4282,-192,-11682,447208
1407,-31,-11,-31,-24,-9,-11,-9,284708,4410,189,-11729,447208
1381,-84,47,-84,-145,100,47,100,284645,3492,-1442,-10930,447206
1393,-4,62,-4,22,0,62,0,284587,4509,-237,-12375,447207
1375,-56,-16,-56,-62,-47,-16,-47,284646,4080,-110,-11679,447208
1391,68,-8,68,-262,6,-8,6,284704,4350,-769,-11789,447208
1415,-2,3,-2,-41,41,3,41,284690,4188,-231,-11666,447208
1424,-1,-1,-1,9,-4,-1,-4,284677,4322,168,-11339,447207
1419,30,38,30,-96,-142,38,-142,284529,4413,-553,-12302,447208
1307,70,49,70,-10,-42,49,-42,284656,4087,90,-11668,447208
1379,16,-3,16,11,0,-3,0,284674,4110,98,-11545,447208
1404,24,16,24,-36,-39,16,-39,284681,4484,-587,-12291,447207
1387,24,27,24,2,-19,27,-19,284690,4049,138,-11649,447208
1390,46,42,46,-57,-58,42,-58,284662,4228,-24,-11747,447208
1371,-59,-13,-59,-64,-44,-13,-44,284696,3837,-383,-11850,447208
1403,23,-20,23,-112,64,-20,64,284686,4282,-540,-11661,447208
1338,59,111,59,-12,-67,111,-67,284538,4780,-386,-12763,447207
1394,0,34,0,12,-11,34,-11,284674,4131,81,-11436,447208
1357,83,64,83,-103,-76,64,-76,284664,3167,1328,-10822,447205
1405,9,16,9,12,-16,16,-16,284709,4253,310,-11495,447207
1418,35,9,35,-267,-53,9,-53,284708,4388,-937,-11930,447208
1416,-12,9,-12,0,3,9,3,284709,4263,41,-11751,447208
1297,27,-21,27,10,5,-21,5,284712,4367,-106,-11718,447208
1375,-23,0,-23,-47,16,0,16,284709,3888,-218,-11758,447208
1406,41,-8,41,-296,64,-8,64,284699,4259,-465,-11708,447208
1418,21,-8,21,-19,33,-8,33,284704,4494,-786,-11477,447206
1351,-47,-2,-47,-22,5,-2,5,284709,4708,386,-11819,447207
1382,34,-8,34,-65,15,-8,15,284707,4597,-945,-11638,447206
1407,0,-35,0,11,-20,-35,-20,284573,4467,224,-10766,447207
1420,-5,-17,-5,-5,-24,-17,-24,284641,4493,734,-10974,447202
1344,-17,9,-17,8,-3,9,-3,284690,5361,213,-12043,447205
1401,4,3,4,-19,-3,3,-3,284711,4111,121,-11729,447208
1397,-67,-10,-67,-189,-35,-10,-35,284703,4169,-166,-11806,447208
1329,-76,-46,-76,-23,-38,-46,-38,284690,4813,431,-11478,447207
1398,-20,-17,-20,-105,-50,-17,-50,284694,4072,-615,-12117,447208
1419,-12,-2,-12,-280,130,-2,130,284656,4196,-1249,-11258,447207
1409,80,-30,80,-367,177,-30,177,284638,4196,331,-11930,447208
1361,30,3,30,38,22,3,22,284699,4060,152,-11859,447208
1402,-30,-11,-30,-196,-74,-11,-74,284685,4215,300,-11678,447208
1419,-10,-5,-10,-38,-35,-5,-35,284709,4259,-75,-11846,447209
1426,0,-2,0,3,-2,-2,-2,284718,4269,85,-11853,447208
1366,-33,-82,-33,0,-46,-82,-46,284617,4499,248,-11452,447208
1384,7,-41,7,4,0,-41,0,284678,4487,-203,-11822,447207
1357,130,-30,130,-264,41,-30,41,284704,4252,-142,-11871,447208
1370,54,-11,54,27,9,-11,9,284711,4305,92,-11868,447208
1410,15,-4,15,-137,10,-4,10,284710,4210,-342,-11805,447208
1422,11,0,11,-530,-67,0,-67,284701,4269,437,-11753,447208
1415,-37,25,-37,-80,84,25,84,284652,4229,-220,-11620,447208
1353,10,-6,10,13,16,-6,16,284699,4035,-15,-11733,447208
1323,-125,16,-125,-167,23,16,23,284715,4196,237,-11845,447208
1372,-45,19,-45,21,13,19,13,284704,4613,218,-12011,447206
1387,-44,-9,-44,-29,-16,-9,-16,284704,4713,632,-11427,447206
1391,-30,15,-30,12,15,15,15,284698,3896,-372,-11592,447208
1417,-2,6,-2,-160,-126,6,-126,284619,4249,-682,-12211,447208
1311,-20,-52,-20,22,-26,-52,-26,284665,4678,50,-11554,447207
1384,27,-22,27,-89,16,-22,16,284698,4143,-263,-11909,447208
1375,-69,-30,-69,-110,-39,-30,-39,284697,4497,596,-11678,447208
1404,-5,-3,-5,17,-9,-3,-9,284710,4395,-191,-11993,447208
1310,153,-111,153,-192,153,-111,153,284600,3264,1076,-12649,447207
1310,153,-111,153,-192,153,-111,153,284600,3264,1076,-12649,447207
1362,43,17,43,21,-5,17,-5,284598,4082,227,-12204,447208
1350,-155,77,-155,-419,202,77,202,284585,4610,1532,-12381,447207
1399,-53,4,-53,-107,-62,4,-62,284614,4334,721,-10960,447207
1371,-34,-57,-34,11,-41,-57,-41,284613,3935,-218,-12101,447208
1342,-64,-35,-64,-39,-21,-35,-21,284690,3980,-157,-11994,447208
1392,6,10,6,-13,-38,10,-38,284667,3971,159,-11570,447208
1409,52,5,52,-300,-32,5,-32,284712,4290,-286,-11828,447208
1422,9,0,9,29,6,0,6,284696,4235,369,-12207,447206
1426,3,-2,3,9,14,-2,14,284654,4293,119,-12187,447208
1345,220,-11,220,-577,30,-11,30,284699,3626,1473,-11841,447207
1394,40,29,40,70,-16,29,-16,284583,3948,452,-11080,447207
1385,84,-28,84,-167,86,-28,86,284632,5038,-1937,-10715,447204
1290,134,-51,134,-84,55,-51,55,284674,3950,215,-11908,447208
1359,7,-1,7,13,15,-1,15,284697,4469,453,-12198,447207
1408,1,0,1,26,7,0,7,284716,4198,147,-11717,447207
1422,-6,-1,-6,-254,-78,-1,-78,284706,4300,1052,-11487,447208
1377,60,-21,60,-41,10,-21,10,284709,4961,-931,-11493,447206
1413,7,-6,7,-72,-18,-6,-18,284706,4228,768,-11687,447207
1422,-18,0,-18,-223,7,0,7,284711,4449,2071,-11901,447205
1425,14,1,14,-76,-2,1,-2,284709,4335,-393,-11816,447208
1420,45,-11,45,-227,64,-11,64,284692,4156,953,-12037,447208
1355,-1,38,-1,30,13,38,13,284694,3736,19,-11555,447208
1380,19,0,19,-1,11,0,11,284707,3962,117,-11762,447208
1311,-26,-42,-26,1,-10,-42,-10,284706,3605,-104,-11983,447207
1367,54,-11,54,-124,-5,-11,-5,284720,4212,-408,-11942,447208
1407,27,6,27,-81,-58,6,-58,284699,4252,-224,-12013,447208
1401,47,-35,47,-56,61,-35,61,284657,4615,-631,-11142,447207
1411,5,-32,5,20,2,-32,2,284640,4452,132,-11399,447208
1424,-2,-10,-2,-16,-6,-10,-6,284691,4258,-297,-11969,447208
1395,-55,-10,-55,-86,-13,-10,-13,284709,4183,-146,-11841,447208
1268,-139,-135,-139,-90,-116,-135,-116,284593,2862,-1131,-12845,447206
1341,45,-66,45,-92,22,-66,22,284662,4194,-715,-12001,447208
1360,-41,-27,-41,-36,-4,-27,-4,284694,4138,134,-11982,447208
1407,-3,-4,-3,-2,-18,-4,-18,284688,4100,261,-11487,447207
1419,4,5,4,22,-9,5,-9,284694,4235,26,-11724,447208
1358,15,14,15,9,-4,14,-4,284708,4178,5,-11770,447208
1385,-45,-23,-45,-91,-60,-23,-60,284675,3255,-1869,-12875,447201
1296,-139,47,-139,-129,51,47,51,284679,6293,2427,-12868,447200
1383,-42,25,-42,-48,47,25,47,284695,3718,-1381,-11012,447205
1395,-19,-17,-19,6,-9,-17,-9,284672,3955,-234,-12038,447208
1419,0,-7,0,-115,70,-7,70,284677,4263,-763,-11407,447208
1393,3,-8,3,21,12,-8,12,284704,4674,-26,-11731,447207
1417,-2,-1,-2,-425,48,-1,48,284707,4240,-1028,-11712,447208
1425,0,0,0,-54,18,0,18,284710,4303,-680,-11725,447208
1398,-14,-9,-14,9,0,-9,0,284709,3966,-156,-11891,447208
1400,-68,24,-68,-218,96,24,96,284671,4173,-240,-11726,447208
1420,-11,7,-11,29,13,7,13,284701,4260,-91,-11643,447208
1322,-3,-119,-3,12,1,-119,1,284571,3407,-28,-12616,447207
1395,3,-32,3,-29,-33,-32,-33,284651,4106,98,-12072,447208
1419,-2,-9,-2,-4,-8,-9,-8,284703,4247,-110,-11902,447208
1423,10,-6,10,-54,19,-6,19,284707,4195,580,-12000,447207
1392,-45,-2,-45,-48,3,-2,3,284712,4339,147,-11809,447208
1393,130,19,130,-734,-120,19,-120,284694,4103,446,-11672,447208
1394,29,19,29,75,-23,19,-23,284708,4031,274,-11624,447208
1278,107,-96,107,-56,68,-96,68,284640,3807,184,-11877,447208
1380,29,-42,29,-15,50,-42,50,284656,3995,214,-12139,447208
1414,4,-12,4,10,5,-12,5,284701,4249,81,-11836,447208
1417,-3,-13,-3,7,-6,-13,-6,284697,4356,75,-11725,447208
1402,-17,34,-17,-1,28,34,28,284648,4544,198,-12290,447208
1420,-3,10,-3,-623,44,10,44,284702,4262,-154,-11681,447208
1394,41,-22,41,8,40,-22,40,284691,4563,-416,-11521,447208
1385,63,15,63,-91,-32,15,-32,284693,3895,603,-11654,447208
1406,10,35,10,18,-6,35,-6,284605,3893,113,-10577,447206
1421,0,10,0,11,-1,10,-1,284693,4279,10,-11685,447209
1426,-5,5,-5,-127,77,5,77,284666,4348,852,-12240,447207
1395,16,32,16,12,-2,32,-2,284679,4884,-312,-12345,447206
1349,-218,-24,-218,-681,-111,-24,-111,284694,4608,1359,-11461,447208
1377,-38,15,-38,82,-14,15,-14,284695,4012,-368,-11765,447208
1407,34,7,34,-283,-20,7,-20,284709,4273,-505,-11768,447208
1344,44,19,44,17,-10,19,-10,284706,4465,-44,-11813,447208
1344,44,19,44,17,-10,19,-10,284706,4465,-44,-11813,447208
1395,-26,16,-26,-109,41,16,41,284698,4146,130,-11732,447208
1405,-42,-9,-42,-105,-40,-9,-40,284698,3879,-1199,-12168,447206
1331,-160,21,-160,-244,34,21,34,284726,3578,-1016,-11681,447207
1395,-75,16,-75,-428,94,16,94,284712,3997,-1326,-11550,447208
1412,-36,28,-36,-35,95,28,95,284639,4194,-344,-11542,447208
1423,-5,7,-5,11,19,7,19,284689,4293,-37,-11732,447209
1427,-5,1,-5,-208,-32,1,-32,284714,4323,627,-11639,447208
1426,18,6,18,-425,-137,6,-137,284673,4323,-18,-11765,447209
1427,3,1,3,-70,-35,1,-35,284709,4318,327,-11740,447208
1360,-43,5,-43,-10,-2,5,-2,284714,4408,103,-11800,447208
1401,-4,-25,-4,17,5,-25,5,284619,4289,-51,-11416,447208
1357,33,13,33,0,-11,13,-11,284685,4486,-183,-11976,447208
1405,10,-1,10,24,0,-1,0,284687,4267,-5,-11515,447208
1413,73,27,73,-590,-231,27,-231,284637,4322,-423,-11968,447208
1405,50,-20,50,-22,23,-20,23,284663,4322,-3,-11630,447208
1381,80,-32,80,-117,50,-32,50,284685,4179,148,-11857,447208
1393,18,8,18,18,2,8,2,284700,4131,145,-11817,447208
1417,5,1,5,-80,33,1,33,284698,4258,195,-11809,447209
1358,-22,48,-22,9,21,48,21,284681,4210,2,-11779,447208
1395,-52,21,-52,-194,35,21,35,284705,4322,692,-11743,447208
1417,-12,8,-12,-233,185,8,185,284590,4266,428,-12069,447208
1422,2,-1,2,26,35,-1,35,284677,4480,-254,-11473,447206
1364,-54,-18,-54,-33,-10,-18,-10,284701,4251,87,-11800,447208
1409,-6,-5,-6,-15,10,-5,10,284705,4216,-151,-11806,447208
1350,63,9,63,-48,-9,9,-9,284710,4806,-574,-11925,447207
1394,32,-8,32,-20,22,-8,22,284698,4060,349,-11864,447208
1406,14,16,14,3,-12,16,-12,284686,3913,325,-11296,447207
1333,19,-13,19,6,1,-13,1,284703,3917,71,-11777,447208
1387,32,21,32,-55,-65,21,-65,284662,3855,675,-11295,447207
1411,3,8,3,31,-10,8,-10,284697,4350,55,-11753,447208
1316,-115,-91,-115,-113,-104,-91,-104,284628,4882,845,-11138,447207
1318,11,68,11,10,-54,68,-54,284569,2880,225,-10692,447205
1382,49,14,49,-155,11,14,11,284671,3676,1522,-11763,447206
1342,211,-60,211,-539,177,-60,177,284672,4460,-852,-11472,447208
1398,34,-20,34,69,22,-20,22,284714,3917,253,-12028,447206
1417,19,-6,19,-76,6,-6,6,284712,4276,-12,-11853,447209
1417,-6,11,-6,4,18,11,18,284686,4160,-141,-11569,447208
1409,61,-12,61,-230,68,-12,68,284701,3762,1941,-12293,447205
1422,17,-2,17,-625,-98,-2,-98,284697,4280,1570,-11585,447208
1399,76,-5,76,-117,-6,-5,-6,284714,4127,429,-11821,447208
1418,10,-7,10,24,-8,-7,-8,284706,4409,353,-11303,447206
1414,-62,-16,-62,-342,-79,-16,-79,284693,3960,-1778,-12211,447207
1379,-2,24,-2,66,-19,24,-19,284696,3975,28,-11679,447208
1338,-144,-45,-144,-257,-103,-45,-103,284676,2562,-2978,-12696,447202
1394,-25,21,-25,35,-2,21,-2,284508,4077,-254,-11585,447208
1408,16,-9,16,-24,31,-9,31,284631,4508,-572,-11292,447207
1420,-20,1,-20,-196,47,1,47,284678,4070,-2175,-11379,447204
1198,-98,-27,-98,-12,-4,-27,-4,284709,3618,-177,-11829,447207
1351,-36,-10,-36,-41,-6,-10,-6,284711,4106,450,-11833,447207
1383,-6,-23,-6,13,-2,-23,-2,284691,4269,-39,-11719,447208
1343,-46,-42,-46,-16,-24,-42,-24,284692,3514,-398,-12169,447207
1369,-3,35,-3,13,-8,35,-8,284637,3975,-58,-11712,447208
1352,-86,-27,-86,-112,-55,-27,-55,284673,3782,-520,-11899,447208
1396,-38,-18,-38,-41,-36,-18,-36,284689,4689,1193,-11309,447203
1302,-45,-207,-45,0,-76,-207,-76,284371,2851,-487,-13881,447205
1344,-13,-145,-13,26,-7,-145,-7,284489,4327,-49,-11814,447208
1398,4,-47,4,12,-1,-47,-1,284662,4172,-51,-12204,447208
1418,-13,-18,-13,-122,-41,-18,-41,284697,4400,1023,-11607,447207
1412,-23,16,-23,-15,29,16,29,284695,4261,-81,-11770,447209
1399,87,7,87,-338,-6,7,-6,284710,4534,-1004,-11777,447208
1394,-25,16,-25,-21,21,16,21,284703,4005,-234,-11652,447208
1407,1,-12,1,16,12,-12,12,284686,4351,-89,-11576,447208
1421,15,0,15,-364,-57,0,-57,284703,4340,-1011,-11994,447208
1353,-74,3,-74,-27,-5,3,-5,284712,4047,-119,-11784,447208
1401,20,0,20,-198,7,0,7,284710,4213,-259,-11780,447209
1331,1,-11,1,34,2,-11,2,284708,4801,72,-11711,447207
1341,-87,-39,-87,-117,-52,-39,-52,284706,4226,256,-11718,447208
1397,-3,-23,-3,0,14,-23,14,284691,3951,208,-12341,447207
1418,2,-4,2,-14,-11,-4,-11,284697,4303,-218,-11990,447208
1408,49,15,49,-126,-48,15,-48,284696,4441,-405,-11939,447208
1408,49,15,49,-126,-48,15,-48,284696,4441,-405,-11939,447208
1422,4,3,4,-12,-16,3,-16,284713,4258,-449,-11881,447207
1417,28,-8,28,-45,21,-8,21,284706,4432,-256,-11675,447208
1249,46,26,46,10,-3,26,-3,284708,5439,-396,-12045,447206
1354,20,-5,20,6,7,-5,7,284702,3579,265,-11955,447207
1368,-36,-65,-36,-31,-69,-65,-69,284600,4198,106,-11693,447208
1406,-30,-24,-30,-129,-38,-24,-38,284683,4083,-857,-12135,447208
1421,5,-9,5,-174,40,-9,40,284702,4244,1134,-12144,447207
1350,-75,85,-75,-31,96,85,96,284609,4591,430,-12263,447208
1303,-86,46,-86,-35,27,46,27,284689,3735,-290,-11505,447208
1369,-70,35,-70,-140,62,35,62,284696,4236,299,-11845,447208
1377,-131,20,-131,-393,48,20,48,284715,4444,681,-11775,447208
1375,-91,-7,-91,-74,-16,-7,-16,284706,4163,-268,-11746,447208
1343,-59,80,-59,-8,48,80,48,284613,4031,-228,-11689,447208
1380,-26,-60,-26,0,-53,-60,-53,284389,4370,51,-10674,447208
1409,-18,-13,-18,-11,6,-13,6,284608,4162,-170,-11844,447208
1398,3,28,3,11,-7,28,-7,284649,3766,72,-11152,447206
1418,-7,6,-7,-72,-22,6,-22,284706,4347,743,-11517,447207
1295,50,38,50,3,-12,38,-12,284722,4049,24,-11753,447208
1359,12,46,12,11,-3,46,-3,284684,4183,117,-11804,447208
1314,136,-133,136,-167,206,-133,206,284480,3437,843,-12633,447207
1381,53,-21,53,-44,-13,-21,-13,284626,4100,275,-12199,447208
1376,-57,-4,-57,-98,4,-4,4,284693,3877,-461,-11833,447208
1408,16,7,16,-109,-44,7,-44,284694,3926,1657,-11207,447204
1418,-42,18,-42,-467,163,18,163,284655,4115,-2132,-11013,447207
1356,50,45,50,17,-4,45,-4,284687,4538,-381,-11921,447208
1324,-97,-38,-97,-125,-68,-38,-68,284677,3341,-898,-12136,447207
1267,-213,48,-213,-277,79,48,79,284693,3570,-799,-11713,447208
1358,-28,2,-28,40,14,2,14,284712,3812,-325,-11737,447208
1395,-30,16,-30,-39,34,16,34,284694,4307,163,-11913,447208
1410,-58,14,-58,-315,62,14,62,284708,4282,-3,-11747,447209
1422,-7,8,-7,8,-48,8,-48,284595,4330,-99,-11761,447209
1417,-45,-8,-45,-173,-62,-8,-62,284672,4004,-1660,-12177,447206
1417,67,-8,67,-657,41,-8,41,284696,4204,1096,-11907,447208
1418,-35,8,-35,-243,83,8,83,284691,4608,1934,-12276,447206
1330,226,-16,226,-532,53,-16,53,284736,3676,1157,-11848,447208
1389,-4,-4,-4,-101,11,-4,11,284728,3922,-581,-11828,447207
