995000,0,0,1000000,0,0,0,99999,0,0,0,14100000
995000,0,0,1000000,0,0,0,99999,0,0,0,14100000
995000,0,0,1000000,0,0,0,99999,0,0,0,14100000
995000,0,0,1000000,0,0,0,99999,0,0,0,14100000
995000,0,0,1000000,0,0,0,99999,0,0,0,14100000
995000,0,0,1000000,0,0,0,99999,0,0,0,14100000
995000,0,0,1000000,0,0,0,99999,0,0,0,14100000
995000,0,0,1000000,0,0,0,99999,0,0,0,14100000
995000,0,0,1000000,0,0,0,99999,0,0,0,14100000
995000,0,0,1000000,0,0,0,99999,0,0,0,14100000
995000,0,0,1000000,0,0,0,99999,0,0,0,14100000
995000,0,0,1000000,0,0,0,99999,0,0,0,14100000
995000,0,0,1000000,0,0,0,99999,0,0,0,14100000
995080,0,-31,299957,0,224,0,8706,0,224,0,4429955
995041,743145,-4516,90898,0,89,0,766,0,89,0,1517116
994956,1140941,-8963,28260,-2,29,-2,73,0,29,0,651083
994810,1352728,-13373,9466,-21,8,-21,-17,0,8,0,393593
994691,1466905,-17761,3834,4,2,4,7,0,2,0,317030
994622,1525263,-22108,2150,-1,0,-1,-380,-1,0,-1,294268
994502,1556592,-26438,1639,28,0,28,-130,1,0,1,287501
994570,1571758,-30738,1452,76,-1,76,-108,3,-1,3,285489
994507,1577945,-35011,1435,10,0,10,17,0,0,0,284894
994258,1579831,-39261,1366,-86,-2,-86,-108,-3,-2,-3,284718
994377,1582425,-43493,1326,-76,0,-76,-16,0,0,0,284665
994324,1582014,-47691,1395,21,0,21,-598,12,0,12,284649
994255,1581246,-51888,1419,9,0,9,28,7,0,7,284646
994194,1578501,-56042,1425,-3,0,-3,-75,1,0,1,284647
994012,1578056,-60175,1403,21,2,21,9,-1,2,-1,284647
993901,1576407,-64315,1417,-17,-2,-17,-131,-17,-2,-17,284644
993835,1574662,-68401,1425,-3,0,-3,7,-4,0,-4,284647
993829,1573851,-72478,1419,-27,0,-27,-81,0,0,0,284649
993785,1571880,-76538,1423,5,0,5,-58,-4,0,-4,284650
993725,1569962,-80557,1425,-4,0,-4,-19,-1,0,-1,284651
993710,1567266,-84540,1421,54,-2,54,-511,18,-2,18,284654
993900,1567302,-88521,1275,32,-4,32,53,3,-4,3,284655
993843,1566267,-92492,1381,3,-1,3,13,0,-1,0,284653
994129,1566985,-96447,1139,-131,0,-131,-51,0,0,0,284653
994150,1566060,-100380,1324,-8,0,-8,15,0,0,0,284653
994313,1563232,-104289,1303,39,4,39,2,-1,4,-1,284657
994253,1561544,-108177,1389,14,1,14,-66,0,1,0,284658
994148,1561037,-112062,1416,10,0,10,-68,9,0,9,284656
994004,1559181,-115881,1414,-22,4,-22,-30,13,4,13,284658
994204,1560627,-119726,1262,43,3,43,-1,1,3,1,284657
994130,1560428,-123524,1378,5,0,5,-38,-7,0,-7,284657
993885,1558161,-127307,1352,105,0,105,-156,-2,0,-2,284662
993951,1556698,-131086,1369,17,1,17,25,0,1,0,284666
993898,1556631,-134836,1410,17,0,17,-317,10,0,10,284661
993832,1557186,-138570,1422,2,0,2,-27,-2,0,-2,284657
993767,1554931,-142286,1426,3,0,3,-15,1,0,1,284662
993783,1553689,-145980,1413,38,-1,38,-60,4,-1,4,284661
993713,1553480,-149657,1424,16,0,16,-296,-7,0,-7,284657
993397,1553304,-153317,1306,182,8,182,-216,-12,8,-12,284661
993399,1551683,-156966,1381,42,2,42,14,-2,2,-2,284662
993526,1552277,-160636,1326,-73,13,-73,-57,11,13,11,284660
993472,1550253,-164295,1396,-25,7,-25,-71,24,7,24,284656
993349,1550955,-167943,1410,-48,-4,-48,-208,-33,-4,-33,284658
993332,1549031,-171486,1417,29,-6,29,-227,28,-6,28,284659
993293,1549813,-175037,1423,-19,-3,-19,-275,-18,-3,-18,284661
993177,1547489,-178620,1424,-9,-4,-9,13,-12,-4,-12,284658
993293,1548109,-182181,1359,-262,7,-262,-964,31,7,31,284664
993273,1546051,-185754,1403,28,9,28,-893,-90,9,-90,284661
993172,1546534,-189252,1418,-7,3,-7,18,-12,3,-12,284669
993109,1544682,-192739,1425,-2,1,-2,8,0,1,0,284668
993105,1546783,-196216,1419,41,0,41,-196,4,0,4,284666
992989,1545581,-199646,1420,-32,1,-32,-305,19,1,19,284669
992796,1545782,-203118,1388,131,-11,131,-460,48,-11,48,284662
992671,1546565,-206585,1407,22,-10,22,53,9,-10,9,284658
992740,1546018,-210005,1375,-49,0,-49,-47,5,0,5,284666
992734,1544170,-213375,1405,27,-2,27,-139,11,-2,11,284670
992620,1544584,-216764,1414,11,-1,11,16,3,-1,3,284666
992436,1544838,-220169,1404,-5,-8,-5,26,-1,-8,-1,284667
992383,1543491,-223490,1422,1,-2,1,-163,11,-2,11,284670
992441,1543104,-226807,1386,-27,-4,-27,5,0,-4,0,284670
992445,1542855,-230142,1404,-8,0,-8,8,0,0,0,284670
992309,1543801,-233519,1408,-8,-11,-8,6,-6,-11,-6,284659
992443,1543114,-236801,1340,57,-4,57,-24,0,-4,0,284668
992362,1543958,-240090,1401,7,-1,7,7,-1,-1,-1,284670
992322,1544425,-243339,1418,7,-1,7,5,2,-1,2,284666
992435,1543595,-246623,1358,-8,15,-8,10,3,15,3,284667
992179,1544635,-249863,1337,178,3,178,-436,4,3,4,284666
992173,1540822,-253083,1392,109,5,109,-736,-40,5,-40,284664
991995,1540688,-256224,1394,72,17,72,-45,-42,17,-42,284657
991995,1540688,-256224,1394,72,17,72,-45,-42,17,-42,284657
991693,1540026,-259436,1309,-177,-11,-177,-304,-34,-11,-34,284666
991746,1540028,-262574,1355,-18,-14,-18,43,-2,-14,-2,284664
991691,1539896,-265655,1407,-2,-4,-2,-14,19,-4,19,284652
991766,1539337,-268886,1381,-166,29,-166,-653,125,29,125,284651
991511,1538614,-271970,1356,16,22,16,38,9,22,9,284661
991270,1537792,-275121,1337,-153,-10,-153,-323,-36,-10,-36,284662
991141,1537550,-278211,1393,-44,0,-44,-7,0,0,0,284666
990979,1537526,-281238,1400,-1,12,-1,11,-3,12,-3,284657
991037,1537501,-284333,1387,10,7,10,9,-2,7,-2,284666
990978,1537659,-287356,1417,4,2,4,-39,-14,2,-14,284662
991018,1537557,-290388,1401,6,-3,6,12,-1,-3,-1,284667
990962,1537664,-293404,1420,0,-1,0,-24,-7,-1,-7,284665
990722,1537581,-296471,1357,-2,-15,-2,11,-1,-15,-1,284664
990796,1536222,-299479,1357,34,-2,34,-5,-1,-2,-1,284666
990906,1535786,-302461,1332,-44,-8,-44,-22,-5,-8,-5,284674
990600,1534878,-305455,1273,-310,-10,-310,-711,-20,-10,-20,284683
990369,1536114,-308510,1330,-32,-31,-32,79,6,-31,6,284660
990418,1535630,-311431,1370,-11,-18,-11,15,-1,-18,-1,284672
990347,1535034,-314357,1410,-2,-4,-2,-247,22,-4,22,284682
990165,1535285,-317244,1397,66,12,66,-142,-32,12,-32,284677
990307,1536170,-320143,1342,64,0,64,-14,-1,0,-1,284677
990222,1535755,-323002,1402,9,0,9,-19,-10,0,-10,284680
990233,1535143,-325936,1407,57,5,57,-221,-29,5,-29,284674
989981,1533779,-328824,1356,-76,-6,-76,-63,-14,-6,-14,284683
989553,1535282,-331726,1127,-236,-16,-236,-152,-16,-16,-16,284684
989621,1534963,-334609,1292,25,6,25,-60,-19,6,-19,284681
989383,1533596,-337443,1320,-91,0,-91,-118,-5,0,-5,284676
989129,1531924,-340213,1327,-18,17,-18,21,0,17,0,284679
989065,1531993,-342947,1398,0,4,0,-112,40,4,40,284662
989064,1531358,-345817,1406,-47,14,-47,-143,53,14,53,284656
989019,1531740,-348586,1419,9,3,9,-88,16,3,16,284663
988829,1531100,-351212,1395,26,39,26,3,-32,39,-32,284625
988640,1530595,-353939,1383,-9,27,-9,11,-2,27,-2,284658
988708,1530193,-356692,1378,40,5,40,-36,1,5,1,284675
988655,1529738,-359395,1412,22,0,22,-429,32,0,32,284681
988583,1529935,-362070,1423,6,2,6,7,-10,2,-10,284672
988590,1529941,-364797,1416,3,0,3,9,-1,0,-1,284680
988388,1529660,-367436,1389,-82,16,-82,-179,39,16,39,284675
988343,1529952,-370197,1414,-21,9,-21,5,19,9,19,284661
988395,1529649,-372905,1387,99,14,99,-277,-28,14,-28,284666
988415,1529836,-375479,1406,17,-13,17,37,-4,-13,-4,284650
988479,1530094,-378141,1378,-65,3,-65,-96,10,3,10,284674
988412,1529896,-380708,1413,-10,0,-10,26,16,0,16,284667
988536,1529766,-383417,1361,96,26,96,-114,-36,26,-36,284667
988276,1528710,-385989,1335,22,25,22,22,-7,25,-7,284674
988406,1529680,-388480,1322,-157,-46,-157,-314,-110,-46,-110,284648
988037,1528591,-391085,1215,-147,0,-147,-12,-16,0,-16,284670
987978,1527938,-393661,1365,-24,0,-24,-65,4,0,4,284676
987858,1527760,-396196,1407,-3,4,-3,17,0,4,0,284678
987680,1526283,-398808,1404,-39,-10,-39,-70,-23,-10,-23,284676
987372,1526673,-401438,1292,-136,-49,-136,-104,-49,-49,-49,284660
987107,1526903,-403899,1299,-74,28,-74,-6,18,28,18,284653
986984,1527428,-406417,1381,18,8,18,-83,4,8,4,284678
987116,1526350,-408937,1321,-50,4,-50,-1,1,4,1,284683
986996,1525751,-411504,1390,4,-6,4,0,14,-6,14,284673
987066,1526880,-413942,1370,-98,-27,-98,-197,-51,-27,-51,284663
986875,1526786,-416383,1380,-123,7,-123,-350,44,7,44,284672
986753,1525796,-418812,1405,-52,9,-52,-72,35,9,35,284669
986624,1526406,-421311,1417,-23,0,-23,-45,-5,0,-5,284678
986708,1525566,-423792,1378,63,15,63,-81,-21,15,-21,284679
986701,1524151,-426160,1405,3,-6,3,17,-12,-6,-12,284669
986879,1523405,-428503,1286,-22,-57,-22,9,-10,-57,-10,284655
986888,1523223,-430896,1369,-53,-22,-53,-129,-15,-22,-15,284678
986750,1525324,-433321,1401,5,-11,5,4,6,-11,6,284683
986756,1526644,-435719,1409,-54,-2,-54,-264,4,-2,4,284678
986686,1525737,-438116,1422,-8,0,-8,-63,-1,0,-1,284683
986521,1526844,-440417,1413,40,16,40,-120,-53,16,-53,284655
986571,1525732,-442862,1388,89,25,89,-177,-58,25,-58,284661
986520,1525225,-445112,1417,17,7,17,-71,44,7,44,284652
986193,1526370,-447565,1292,51,-51,51,-1,26,-51,26,284653
986193,1526370,-447565,1292,51,-51,51,-1,26,-51,26,284653
986389,1525926,-449895,1263,-87,-29,-87,-60,-5,-29,-5,284671
986196,1524270,-452169,1354,-24,5,-24,14,5,5,5,284676
985958,1524479,-454490,1348,-37,4,-37,-5,3,4,3,284675
986130,1524527,-456829,1302,95,16,95,-86,-13,16,-13,284682
986135,1524891,-459087,1375,-9,0,-9,-23,-8,0,-8,284684
986019,1526148,-461355,1408,-3,3,-3,19,-1,3,-1,284682
986028,1524481,-463621,1411,-2,-2,-2,11,-1,-2,-1,284682
986018,1524271,-465907,1416,47,1,47,-338,-16,1,-16,284683
985833,1524346,-468225,1398,-45,-15,-45,-65,-35,-15,-35,284674
985764,1524412,-470503,1419,0,-3,0,-151,-11,-3,-11,284681
985580,1523613,-472783,1398,26,-8,26,0,5,-8,5,284682
985284,1523342,-475028,1328,106,-11,106,-108,11,-11,11,284682
985060,1523880,-477378,1350,-44,-46,-44,-55,-53,-46,-53,284646
984995,1523386,-479587,1404,-11,-14,-11,8,-13,-14,-13,284673
984802,1524210,-481657,1382,19,33,19,-1,-23,33,-23,284644
984925,1524315,-483916,1329,120,21,120,-155,-19,21,-19,284669
984911,1522280,-486118,1392,21,6,21,27,-1,6,-1,284676
984810,1523600,-488270,1415,6,3,6,4,-2,3,-2,284683
984607,1522941,-490480,1388,-6,-13,-6,36,-5,-13,-5,284678
984487,1523045,-492520,1408,47,15,47,-249,-105,15,-105,284642
984368,1519481,-494520,1417,26,20,26,-29,-71,20,-71,284625
984117,1519513,-496656,1358,-103,6,-103,-147,-10,6,-10,284664
984196,1519611,-498805,1354,59,9,59,-68,-12,9,-12,284683
984006,1518606,-500985,1375,2,-9,2,14,-5,-9,-5,284705
984064,1518077,-502944,1381,20,-51,20,6,23,-51,23,284623
984067,1516850,-505212,1400,-38,23,-38,-110,114,23,114,284568
984009,1516912,-507266,1420,-1,6,-1,-150,45,6,45,284654
983755,1516939,-509264,1346,-120,39,-120,-154,64,39,64,284661
983775,1515966,-511191,1388,-5,-17,-5,13,36,-17,36,284610
983629,1516583,-513168,1399,-7,17,-7,16,19,17,19,284640
983527,1516928,-515239,1418,-11,2,-11,-19,-6,2,-6,284679
983339,1517324,-517348,1396,57,-18,57,-86,34,-18,34,284681
983212,1516284,-519377,1408,18,-3,18,11,4,-3,4,284679
983153,1515861,-521336,1422,-2,-2,-2,-107,-43,-2,-43,284676
983101,1516649,-523380,1425,-5,1,-5,9,-1,1,-1,284677
983085,1518280,-525488,1422,-8,13,-8,-3,20,13,20,284646
982969,1518793,-527732,1424,-28,-17,-28,-247,-206,-17,-206,284508
982655,1518033,-529767,1306,-114,-40,-114,-60,-61,-40,-61,284631
982672,1517818,-531669,1377,-34,-23,-34,7,-24,-23,-24,284667
982496,1517616,-533604,1390,-30,11,-30,-8,10,11,10,284673
982312,1517458,-535686,1396,-25,-16,-25,-10,-18,-16,-18,284677
982291,1517253,-537756,1417,16,5,16,-142,-79,5,-79,284646
982240,1517664,-539718,1424,-6,2,-6,-118,1,2,1,284670
982367,1517453,-541519,1351,50,-66,50,-15,46,-66,46,284618
982548,1518823,-543638,1282,-89,99,-89,-63,101,99,101,284572
982668,1517284,-545345,1313,-122,-73,-122,-139,-133,-73,-133,284513
982293,1516238,-547407,1205,-15,-139,-15,24,-18,-139,-18,284576
982253,1516838,-549431,1359,-3,-35,-3,11,0,-35,0,284624
982116,1516931,-551425,1398,-29,-27,-29,-79,-51,-27,-51,284629
982303,1518532,-553347,1273,-88,13,-88,-29,5,13,5,284665
982372,1516657,-555203,1344,43,-2,43,-76,11,-2,11,284674
982163,1518109,-557366,1364,6,-96,6,32,-9,-96,-9,284464
981980,1517752,-559295,1376,-24,-48,-24,-7,-16,-48,-16,284614
982006,1517862,-561148,1395,-47,-15,-47,-91,-5,-15,-5,284652
981813,1516167,-563065,1380,-127,-20,-127,-350,-49,-20,-49,284652
981512,1518041,-564983,1291,46,-48,46,8,14,-48,14,284662
981494,1516901,-566677,1385,-23,-24,-23,-255,-104,-24,-104,284631
981458,1515962,-568532,1413,6,-3,6,2,-29,-3,-29,284664
981310,1515380,-570375,1406,-10,-13,-10,21,-18,-13,-18,284687
981314,1515171,-572246,1407,3,6,3,9,-6,6,-6,284672
981207,1514753,-574027,1420,-17,4,-17,-259,24,4,24,284674
981024,1514708,-575853,1393,-43,-6,-43,-17,-5,-6,-5,284673
981146,1515240,-577625,1345,-203,3,-203,-493,7,3,7,284694
981085,1515161,-579492,1403,-33,2,-33,55,6,2,6,284659
980963,1514077,-581347,1414,10,-10,10,-26,30,-10,30,284672
980972,1514436,-583074,1407,14,-9,14,3,9,-9,9,284665
980890,1513209,-584596,1422,-6,5,-6,-211,195,5,195,284521
980651,1513755,-586248,1378,-98,41,-98,-162,108,41,108,284611
980464,1514073,-587866,1384,-91,49,-91,-167,112,49,112,284616
980399,1514463,-589440,1415,-14,13,-14,22,34,13,34,284572
980399,1514463,-589440,1415,-14,13,-14,22,34,13,34,284572
980414,1514506,-591170,1405,47,3,47,-120,5,3,5,284656
980353,1514595,-592866,1421,6,1,6,-67,8,1,8,284675
980353,1514999,-594637,1413,-42,13,-42,-130,45,13,45,284679
980169,1514949,-596451,1390,-13,-30,-13,22,0,-30,0,284662
980117,1514724,-598123,1415,15,-10,15,-140,15,-10,15,284673
980158,1513726,-599871,1394,-9,17,-9,17,10,17,10,284679
980041,1514081,-601654,1413,-25,-8,-25,-123,-70,-8,-70,284657
979914,1513485,-603450,1413,19,-25,19,-30,40,-25,40,284636
979796,1513246,-605001,1416,33,13,33,-105,-76,13,-76,284617
979740,1514194,-606674,1425,2,3,2,-35,-8,3,-8,284657
979441,1514845,-608311,1321,156,10,156,-208,-15,10,-15,284674
979543,1512697,-609972,1338,-15,3,-15,4,-1,3,-1,284675
979546,1512357,-611570,1390,33,-4,33,-113,21,-4,21,284688
979441,1510574,-613145,1416,30,2,30,-511,-64,2,-64,284684
979114,1512715,-614757,1290,55,33,55,35,-22,33,-22,284691
979014,1513777,-616430,1384,9,4,9,12,-2,4,-2,284669
978629,1514177,-618074,1214,-65,-6,-65,-3,-1,-6,-1,284692
978645,1514401,-619736,1349,34,1,34,-111,-20,1,-20,284693
978636,1514723,-621325,1394,2,3,2,20,0,3,0,284695
978647,1515021,-622884,1405,-11,-4,-11,14,-5,-4,-5,284672
978823,1513640,-624549,1287,96,40,96,-57,-30,40,-30,284663
978568,1514270,-626069,1326,5,22,5,16,-1,22,-1,284680
978583,1514530,-627593,1378,15,-5,15,0,9,-5,9,284684
978462,1514380,-629064,1407,-36,7,-36,-258,62,7,62,284670
978269,1514980,-630555,1398,70,21,70,-201,-48,21,-48,284682
978320,1514951,-632178,1384,13,23,13,30,-9,23,-9,284669
978141,1514770,-633875,1391,-49,-31,-49,-94,-82,-31,-82,284632
977903,1513555,-635325,1368,-69,18,-69,-57,22,18,22,284645
977892,1514151,-636738,1404,-13,-12,-13,30,3,-12,3,284615
977896,1514629,-638252,1415,-8,-3,-8,7,1,-3,1,284658
977728,1514835,-639911,1410,3,-27,3,8,10,-27,10,284647
977726,1512084,-641419,1414,81,-8,81,-713,6,-8,6,284679
977723,1512044,-642958,1411,53,2,53,-62,-15,2,-15,284690
977489,1513656,-644494,1359,88,4,88,-77,-10,4,-10,284697
977490,1515210,-645859,1398,44,-23,44,-79,77,-23,77,284632
977543,1514931,-647402,1382,78,3,78,-113,-9,3,-9,284678
977476,1513914,-648828,1414,8,0,8,-1,-16,0,-16,284665
977431,1513101,-650224,1421,14,-4,14,-41,13,-4,13,284675
977237,1514215,-651876,1387,91,-62,91,-184,140,-62,140,284598
977182,1513232,-653378,1417,13,-18,13,-46,-3,-18,-3,284666
977108,1510536,-654718,1425,1,-3,1,9,13,-3,13,284653
977115,1508726,-656036,1416,56,-25,56,-273,124,-25,124,284632
976871,1508274,-657529,1363,69,-25,69,-18,38,-25,38,284669
976873,1509560,-658912,1404,-53,-19,-53,-643,-101,-19,-101,284680
976917,1509730,-660421,1403,19,11,19,51,-35,11,-35,284681
976880,1511022,-661898,1418,0,4,0,10,0,4,0,284701
976861,1510112,-663253,1420,43,-5,43,-372,56,-5,56,284666
976686,1508962,-664604,1397,8,20,8,49,6,20,6,284680
976744,1509689,-665981,1395,-68,-12,-68,-167,-40,-12,-40,284685
976635,1511224,-667411,1414,3,-4,3,-31,-4,-4,-4,284695
976627,1509652,-668841,1413,-21,5,-21,-30,14,5,14,284687
976631,1512084,-670408,1418,8,23,8,1,-31,23,-31,284625
976737,1510016,-671673,1364,27,-39,27,28,9,-39,9,284638
976556,1509838,-673004,1376,-39,7,-39,-45,28,7,28,284666
976506,1508661,-674406,1412,0,3,0,-51,-9,3,-9,284678
976373,1509132,-675811,1411,-23,-8,-23,-28,-21,-8,-21,284685
976259,1508705,-677108,1417,37,6,37,-239,-57,6,-57,284685
975948,1508109,-678399,1307,-14,54,-14,27,0,54,0,284677
975775,1508671,-679885,1369,-92,-15,-92,-327,-126,-15,-126,284648
975596,1509493,-681167,1386,38,12,38,-72,-56,12,-56,284677
975538,1508811,-682448,1415,0,2,0,-153,-34,2,-34,284685
975510,1509075,-683767,1418,33,0,33,-173,3,0,3,284694
975601,1509510,-685219,1375,12,48,12,26,-4,48,-4,284647
975397,1508398,-686581,1376,-47,15,-47,-56,0,15,0,284679
975096,1509491,-687919,1304,213,-12,213,-405,31,-12,31,284690
974923,1508701,-689163,1369,55,13,55,33,-11,13,-11,284681
974801,1508194,-690474,1404,13,-1,13,8,3,-1,3,284692
974803,1507440,-691741,1415,62,-6,62,-520,45,-6,45,284689
974678,1507672,-693144,1418,40,-16,40,-76,72,-16,72,284662
974662,1507392,-694562,1419,37,11,37,-135,-76,11,-76,284627
974662,1507392,-694562,1419,37,11,37,-135,-76,11,-76,284627
974609,1507371,-695899,1426,5,3,5,20,-17,3,-17,284664
974781,1507388,-697072,1313,-6,-54,-6,18,-5,-54,-5,284652
974795,1505129,-698246,1380,-6,-38,-6,11,-5,-38,-5,284642
974906,1507478,-699589,1360,-35,2,-35,-9,8,2,8,284673
974726,1507858,-700710,1383,102,31,102,-439,-134,31,-134,284655
974780,1507966,-701845,1377,-79,-30,-79,-198,-124,-30,-124,284644
974839,1507629,-703110,1381,40,-8,40,-45,-22,-8,-22,284681
974559,1507429,-704165,1311,-107,96,-107,-92,103,96,103,284600
974719,1509958,-705217,1289,-48,-79,-48,38,-26,-79,-26,284553
974777,1508923,-706273,1355,-32,-76,-32,-6,-46,-76,-46,284562
974720,1508529,-707515,1407,-4,-23,-4,-190,-8,-23,-8,284648
974544,1507717,-708600,1404,-77,16,-77,-280,100,16,100,284643
974494,1507408,-709793,1422,-10,5,-10,-51,15,5,15,284687
974415,1504871,-711024,1426,0,2,0,-198,-1,2,-1,284694
974483,1505841,-712346,1391,57,22,57,-62,-32,22,-32,284681
974433,1506959,-713577,1415,-15,7,-15,-274,3,7,3,284698
974488,1506875,-714736,1386,118,-5,118,-348,28,-5,28,284691
974498,1507238,-715930,1403,-2,-6,-2,12,0,-6,0,284692
974350,1507636,-717110,1404,47,-2,47,-109,2,-2,2,284692
974132,1507691,-718394,1367,29,-37,29,20,15,-37,15,284667
973941,1504321,-719632,1380,55,-23,55,-74,23,-23,23,284674
973829,1505363,-720630,1407,-47,16,-47,-446,201,16,201,284610
973767,1504051,-721697,1422,-8,3,-8,45,12,3,12,284653
973628,1505463,-722938,1420,-15,-7,-15,-29,-20,-7,-20,284664
973576,1504318,-723988,1426,-2,-2,-2,-87,-57,-2,-57,284649
973628,1506176,-725371,1398,-116,67,-116,-425,253,67,253,284530
973579,1506988,-726610,1417,-31,27,-31,-7,82,27,82,284626
973564,1507363,-727680,1419,-27,-1,-27,-60,-20,-1,-20,284656
973500,1504923,-728791,1426,-9,0,-9,-14,9,0,9,284674
973506,1505748,-729717,1416,65,-35,65,-385,214,-35,214,284580
973637,1504372,-730838,1346,-27,-19,-27,27,28,-19,28,284658
973565,1503493,-731976,1403,-5,-6,-5,8,2,-6,2,284683
973400,1505406,-733192,1396,20,-22,20,-4,17,-22,17,284675
973274,1506839,-734503,1408,67,-41,67,-369,226,-41,226,284573
973136,1506917,-735713,1413,-28,-29,-28,-114,-32,-29,-32,284634
973193,1503336,-736669,1400,95,-44,95,-373,136,-44,136,284644
973216,1502861,-737700,1404,37,-31,37,16,43,-31,43,284655
973132,1505158,-738801,1420,19,-8,19,-93,-1,-8,-1,284678
973279,1503849,-739993,1346,23,37,23,14,-10,37,-10,284672
973159,1505236,-741147,1397,-37,3,-37,-273,-60,3,-60,284683
973011,1503770,-742141,1411,-42,17,-42,-97,48,17,48,284670
972774,1505321,-743288,1365,-74,-22,-74,-60,-24,-22,-24,284669
972846,1506349,-744315,1362,-9,-30,-9,17,-4,-30,-4,284684
972534,1506665,-745316,1289,-121,47,-121,-106,53,47,53,284670
972279,1507003,-746290,1316,-48,54,-48,11,24,54,24,284660
972224,1506835,-747317,1395,-8,15,-8,-398,73,15,73,284671
972120,1504914,-748311,1414,13,12,13,2,-11,12,-11,284685
972058,1503534,-749159,1423,11,-4,11,-99,102,-4,102,284595
971920,1505018,-750302,1420,-48,-15,-48,-345,-84,-15,-84,284644
971748,1506417,-751533,1398,45,-48,45,-58,68,-48,68,284613
971611,1506958,-752637,1413,-4,-25,-4,31,3,-25,3,284650
971571,1507183,-753751,1420,2,-2,2,8,-6,-2,-6,284672
971378,1507322,-754697,1387,-23,16,-23,8,15,16,15,284689
971198,1507583,-755685,1384,62,18,62,-117,-24,18,-24,284695
971010,1508649,-756589,1386,-9,38,-9,10,16,38,16,284657
970818,1508344,-757548,1384,69,30,69,-144,-39,30,-39,284672
970527,1508118,-758425,1315,70,64,70,-11,-38,64,-38,284665
970327,1507626,-759473,1351,-41,13,-41,-49,-12,13,-12,284693
970202,1507513,-760722,1399,-5,-26,-5,21,-2,-26,-2,284548
970203,1507693,-761692,1410,-21,-8,-21,-35,0,-8,0,284659
970096,1505109,-762621,1419,-26,3,-26,-145,46,3,46,284679
969914,1506009,-763598,1393,-76,12,-76,-132,30,12,30,284693
969784,1506848,-764437,1410,6,22,6,-23,-41,22,-41,284648
969725,1506918,-765609,1422,4,10,4,-94,-91,10,-91,284611
969849,1505108,-766687,1341,-94,55,-94,-87,44,55,44,284635
969798,1506381,-767494,1400,-29,6,-29,-78,-71,6,-71,284606
969773,1506825,-768565,1416,-1,15,-1,15,-28,15,-28,284635
969738,1507494,-769565,1423,-25,5,-25,-287,7,5,7,284655
969795,1507383,-770399,1387,35,-31,35,-4,35,-31,35,284665
969779,1507432,-771419,1414,5,-1,5,10,5,-1,5,284666
969779,1507432,-771419,1414,5,-1,5,10,5,-1,5,284666
969535,1507417,-772451,1372,-14,-24,-14,6,-6,-24,-6,284682
969411,1505061,-773455,1402,-1,-14,-1,36,2,-14,2,284688
969349,1507369,-774280,1420,0,-5,0,11,-6,-5,-6,284660
969362,1507094,-775153,1418,44,-9,44,-214,38,-9,38,284687
969177,1507224,-776048,1397,-13,8,-13,15,14,8,14,284689
969047,1507359,-777041,1415,-1,-2,-1,11,3,-2,3,284673
968803,1507950,-778083,1372,169,-51,169,-542,160,-51,160,284650
968681,1507793,-778966,1402,28,-10,28,67,28,-10,28,284671
968559,1507896,-779799,1414,34,10,34,-126,-59,10,-59,284667
968315,1507779,-780822,1372,26,-29,26,12,3,-29,3,284663
968253,1507621,-781692,1412,4,-7,4,6,6,-7,6,284688
968076,1505390,-782535,1393,40,11,40,-40,-17,11,-17,284688
968154,1506455,-783503,1375,-11,24,-11,7,6,24,6,284667
967883,1503763,-784413,1329,163,-7,163,-291,23,-7,23,284693
967905,1503403,-785178,1382,-13,-29,-13,-61,-63,-29,-63,284647
968032,1501876,-786276,1327,-20,86,-20,11,10,86,10,284571
967767,1501549,-787162,1321,232,10,232,-699,43,10,43,284664
967644,1501155,-788106,1390,76,-4,76,-166,55,-4,55,284683
967596,1502244,-788983,1414,-20,-1,-20,-525,13,-1,13,284715
967357,1500815,-789912,1375,-125,-26,-125,-252,-59,-26,-59,284699
967233,1500406,-790919,1406,-19,-22,-19,35,-10,-22,-10,284662
967093,1498954,-791845,1415,-15,-17,-15,-11,-20,-17,-20,284680
966856,1498569,-792712,1376,76,9,76,-119,-28,9,-28,284686
966870,1500519,-793664,1399,-10,19,-10,-15,22,19,22,284674
966848,1498955,-794469,1416,22,0,22,-107,37,0,37,284675
966623,1498073,-795287,1375,-64,21,-64,-69,34,21,34,284688
966547,1497976,-796473,1412,-9,0,-9,-39,137,0,137,284395
966304,1499094,-797362,1352,70,-25,70,-54,48,-25,48,284599
966194,1498638,-797987,1402,39,16,39,-207,-174,16,-174,284522
966051,1497864,-798724,1408,-40,20,-40,-154,36,20,36,284644
965939,1500070,-799740,1418,-12,-10,-12,46,-10,-10,-10,284606
965871,1499232,-800542,1425,-2,-3,-2,-394,-41,-3,-41,284671
965767,1497377,-801527,1424,5,-13,5,37,17,-13,17,284636
965647,1496300,-802334,1422,17,1,17,2,-3,1,-3,284674
965505,1497900,-803313,1419,-13,-22,-13,-26,-49,-22,-49,284628
965528,1496951,-804191,1415,-67,0,-67,-338,31,0,31,284682
965699,1495076,-805032,1297,-103,21,-103,-24,20,21,20,284707
965582,1496219,-805909,1384,-14,0,-14,12,6,0,6,284705
965577,1496648,-806597,1407,28,-16,28,-99,65,-16,65,284657
965520,1496986,-807216,1422,6,-9,6,5,44,-9,44,284606
965585,1497369,-808131,1383,-64,18,-64,-84,46,18,46,284665
965326,1497455,-808730,1341,11,93,11,13,-16,93,-16,284578
965019,1496282,-809670,1301,-30,-51,-30,3,-25,-51,-25,284606
964916,1497094,-810412,1390,5,-15,5,-114,-14,-15,-14,284669
964592,1497587,-811099,1300,132,29,132,-130,-41,29,-41,284683
964543,1496591,-812067,1390,20,9,20,-55,65,9,65,284629
964341,1495946,-812702,1388,-8,42,-8,41,16,42,16,284628
964109,1495226,-813323,1352,-112,73,-112,-180,109,73,109,284618
964115,1496468,-814187,1395,-37,39,-37,0,52,39,52,284672
963991,1496991,-814713,1409,-2,53,-2,11,-5,53,-5,284504
963982,1496353,-815509,1416,-40,20,-40,-215,25,20,25,284638
963999,1495527,-816306,1411,17,6,17,-4,7,6,7,284677
963733,1496726,-816874,1344,164,85,164,-293,-167,85,-167,284607
963747,1496853,-817620,1390,73,27,73,-121,-31,27,-31,284673
963736,1494367,-818198,1406,90,-18,90,-603,211,-18,211,284620
963619,1495056,-819084,1419,49,-20,49,-393,207,-20,207,284615
963680,1496230,-819621,1392,-27,-61,-27,24,-25,-61,-25,284578
963808,1496639,-820501,1341,65,49,65,-50,-65,49,-65,284610
963859,1494711,-821146,1367,1,-8,1,18,-19,-8,-19,284670
963855,1494539,-821971,1402,42,2,42,-211,-30,2,-30,284682
963995,1494556,-822669,1334,85,-17,85,-47,12,-17,12,284689
963867,1492293,-823187,1396,0,20,0,-36,85,20,85,284560
963878,1492336,-824030,1411,6,22,6,7,0,22,0,284635
963805,1491997,-824694,1423,-17,9,-17,-431,63,9,63,284666
963621,1494198,-825706,1406,-99,-57,-99,-344,-258,-57,-258,284536
963693,1495359,-826706,1374,103,80,103,-266,-290,80,-290,284447
963557,1496287,-827323,1406,26,43,26,55,-52,43,-52,284568
963393,1495529,-827835,1408,-34,49,-34,-78,88,49,88,284557
963247,1495545,-828652,1410,36,1,36,-119,59,1,59,284639
963137,1495072,-829415,1419,-18,-2,-18,-130,-12,-2,-12,284681
963137,1495072,-829415,1419,-18,-2,-18,-130,-12,-2,-12,284681
963001,1496307,-830260,1415,13,-23,13,-5,35,-23,35,284640
962952,1495705,-830740,1424,0,-15,0,10,-8,-15,-8,284564
962779,1496427,-831423,1405,-22,6,-22,-11,9,6,9,284656
962526,1496952,-832174,1363,28,-20,28,2,11,-20,11,284669
962395,1495873,-833043,1397,-27,-34,-27,-74,-74,-34,-74,284612
962230,1496747,-833716,1406,21,-6,21,-28,-18,-6,-18,284679
962037,1497266,-834644,1397,26,-61,26,-5,60,-61,60,284575
961968,1496404,-835325,1419,-1,-18,-1,-13,8,-18,8,284683
961977,1497224,-835902,1413,-48,-24,-48,-186,-76,-24,-76,284663
961988,1497051,-836637,1416,33,1,33,-189,-55,1,-55,284676
962044,1495842,-837410,1395,76,27,76,-141,-70,27,-70,284691
961985,1496761,-838024,1417,10,6,10,12,-23,6,-23,284695
961863,1496992,-838737,1419,-14,-2,-14,-26,-14,-2,-14,284685
961925,1496348,-839322,1391,-95,-26,-95,-238,-73,-26,-73,284674
961969,1495746,-839964,1393,-21,-17,-21,31,-13,-17,-13,284679
961902,1496654,-840525,1417,-2,-4,-2,-18,-32,-4,-32,284665
961668,1494618,-841319,1369,-20,-65,-20,11,-34,-65,-34,284625
961544,1494834,-841827,1404,-2,4,-2,12,-13,4,-13,284590
961600,1492691,-842409,1398,-4,-22,-4,16,-11,-22,-11,284642
961477,1493986,-842843,1416,18,16,18,-93,-123,16,-123,284539
961246,1495573,-843747,1371,-17,-76,-17,11,-51,-76,-51,284530
961183,1496422,-844119,1412,-2,-17,-2,-1,51,-17,51,284438
961053,1496860,-844769,1412,-6,0,-6,10,12,0,12,284614
960808,1496102,-845645,1349,38,-99,38,-9,54,-99,54,284563
960520,1495687,-846378,1320,31,-74,31,4,23,-74,23,284643
960276,1496727,-847090,1333,76,-42,76,-72,27,-42,27,284667
960033,1496039,-847871,1348,27,-64,27,19,21,-64,21,284628
959894,1495239,-848581,1389,-65,-30,-65,-308,-49,-30,-49,284659
960010,1496266,-849211,1338,7,-9,7,34,-7,-9,-7,284677
959776,1494499,-849737,1345,-9,35,-9,11,5,35,5,284684
959589,1493405,-850410,1374,-35,-1,-35,-27,-13,-1,-13,284688
959484,1494437,-850769,1411,13,13,13,-268,-222,13,-222,284524
959467,1495034,-851149,1417,-40,-21,-40,-314,-251,-21,-251,284512
959337,1494958,-851707,1417,-17,0,-17,23,-31,0,-31,284644
959182,1492439,-852323,1409,-59,-2,-59,-177,-12,-2,-12,284705
958853,1493721,-852876,1285,91,31,91,-30,-25,31,-25,284685
958619,1493177,-853389,1319,21,49,21,12,-8,49,-8,284691
958318,1495672,-854070,1287,235,-17,235,-489,68,-17,68,284685
958380,1494368,-854934,1344,-16,76,-16,-10,119,76,119,284547
958247,1493455,-855536,1394,2,25,2,23,19,25,19,284646
958255,1493804,-855950,1406,68,-30,68,-383,216,-30,216,284565
958381,1495466,-856455,1335,30,-77,30,40,49,-77,49,284613
958327,1494417,-856911,1400,-4,-28,-4,-229,-128,-28,-128,284605
958187,1494796,-857464,1409,24,4,24,-21,-44,4,-44,284650
958126,1495707,-857983,1422,6,0,6,-254,68,0,68,284664
958250,1493834,-858737,1341,162,73,162,-275,-129,73,-129,284616
958248,1494410,-859570,1390,20,63,20,35,-1,63,-1,284543
958124,1494842,-860117,1413,26,20,26,-95,-14,20,-14,284658
957872,1494978,-860876,1366,47,-65,47,-4,45,-65,45,284608
957810,1493848,-861485,1409,6,-18,6,12,6,-18,6,284680
957706,1494136,-862075,1420,-22,-4,-22,-194,5,-4,5,284694
957453,1494471,-862493,1345,-19,67,-19,26,13,67,13,284634
957447,1496100,-862988,1396,-39,10,-39,-149,-43,10,-43,284666
957153,1495639,-863372,1303,15,106,15,19,-27,106,-27,284605
957162,1494155,-863796,1380,3,16,3,13,-6,16,-6,284657
957087,1494958,-864306,1413,19,7,19,-429,-78,7,-78,284662
956973,1492134,-864696,1422,-43,16,-43,-783,246,16,246,284598
956730,1492632,-865281,1375,98,-7,98,-139,64,-7,64,284661
956712,1491418,-865810,1408,14,-5,14,23,10,-5,10,284699
956531,1491944,-866279,1396,2,25,2,13,0,25,0,284667
956298,1492211,-866930,1354,-4,-22,-4,12,-3,-22,-3,284697
956223,1491207,-867550,1405,0,-8,0,10,2,-8,2,284675
956064,1493380,-867934,1410,64,20,64,-346,-127,20,-127,284664
956102,1494412,-868619,1400,-61,44,-61,-189,98,44,98,284628
956043,1495562,-869368,1420,-4,16,-4,-190,-119,16,-119,284592
956116,1495085,-869858,1395,54,-8,54,-67,4,-8,4,284656
956066,1496465,-870338,1419,7,-2,7,-124,-24,-2,-24,284688
956299,1495781,-871178,1244,25,179,25,19,-26,179,-26,284513
956430,1495564,-871943,1294,-64,150,-64,-46,79,150,79,284526
956418,1496851,-872250,1378,-73,9,-73,-389,-215,9,-215,284509
956418,1496851,-872250,1378,-73,9,-73,-389,-215,9,-215,284509
956432,1496094,-873012,1399,-27,50,-27,25,21,50,21,284480
956356,1494879,-873535,1420,5,15,5,-542,-1,15,-1,284629
956055,1494675,-873990,1303,-129,47,-129,-77,44,47,44,284660
956063,1493728,-874540,1380,-19,24,-19,25,12,24,12,284677
955997,1494300,-875131,1414,-2,5,-2,9,-3,5,-3,284693
955986,1493713,-875590,1414,-42,-3,-42,-166,-21,-3,-21,284710
956242,1494093,-876005,1197,118,-99,118,-40,53,-99,53,284653
956231,1493154,-876343,1352,41,-46,41,-67,68,-46,68,284641
956173,1493859,-876742,1405,8,-15,8,-9,29,-15,29,284683
956172,1493450,-877237,1408,-42,-2,-42,-136,8,-2,8,284719
956053,1492918,-877634,1417,-17,11,-17,4,22,11,22,284684
955683,1492631,-878057,1241,-59,46,-59,-7,16,46,16,284699
955701,1493821,-878513,1358,-30,2,-30,-19,-13,2,-13,284694
955859,1495966,-878850,1291,-262,-94,-262,-548,-210,-94,-210,284635
955934,1494541,-879479,1346,-91,15,-91,4,20,15,20,284639
955862,1493560,-879938,1403,-14,5,-14,7,9,5,9,284661
955625,1495454,-880410,1353,66,27,66,-36,-16,27,-16,284672
955575,1496156,-880927,1405,20,8,20,-104,3,8,3,284696
955376,1495400,-881322,1378,-53,40,-53,-52,52,40,52,284659
955455,1495954,-882000,1369,122,70,122,-379,-168,70,-168,284629
955628,1496713,-882311,1295,-2,-94,-2,40,-48,-94,-48,284573
955690,1496075,-882633,1346,-53,-69,-53,-51,-60,-69,-60,284640
955435,1495860,-883007,1322,129,47,129,-210,-121,47,-121,284627
955145,1496280,-883684,1297,-141,-76,-141,-236,-168,-76,-168,284596
955077,1496986,-884228,1389,-21,-23,-21,-59,4,-23,4,284668
955130,1495958,-884847,1380,4,40,4,30,-15,40,-15,284630
955020,1496563,-885467,1408,-14,-2,-14,-22,-37,-2,-37,284646
955139,1495574,-886120,1353,74,65,74,-66,-79,65,-79,284631
955088,1495066,-886252,1405,20,4,20,-130,210,4,210,284334
954965,1494811,-886908,1411,-25,-26,-25,-53,-44,-26,-44,284507
954651,1496164,-887421,1288,40,-7,40,2,-10,-7,-10,284638
954719,1495348,-887980,1350,97,18,97,-211,-54,18,-54,284665
954418,1494329,-888455,1309,187,8,187,-251,-10,8,-10,284697
954458,1493707,-888790,1363,-49,-32,-49,-169,-96,-32,-96,284669
954404,1491674,-889252,1409,-9,-10,-9,-182,3,-10,3,284691
954359,1491262,-889770,1421,-21,0,-21,-364,53,0,53,284685
954100,1491054,-889959,1364,128,111,128,-238,-225,111,-225,284503
953907,1490321,-890686,1370,-50,-53,-50,-88,-192,-53,-192,284444
953783,1491346,-891207,1404,0,-18,0,12,-22,-18,-22,284631
953622,1490878,-891404,1398,33,58,33,-36,-95,58,-95,284495
953608,1490544,-892098,1410,-8,54,-8,-5,37,54,37,284498
953555,1490629,-892439,1422,-11,13,-11,-295,-89,13,-89,284607
953738,1490568,-893039,1286,-137,93,-137,-97,72,93,72,284625
953982,1490413,-893581,1173,-93,110,-93,-2,38,110,38,284647
954046,1492892,-893994,1318,-117,28,-117,-293,-5,28,-5,284678
954162,1491571,-894260,1317,-36,-54,-36,35,-15,-54,-15,284660
954111,1490763,-894527,1393,1,-28,1,-20,56,-28,56,284578
953843,1491417,-895263,1337,-35,-145,-35,3,-56,-145,-56,284438
953728,1490721,-895886,1396,-8,-60,-8,6,-23,-60,-23,284566
953490,1490519,-896372,1350,27,-28,27,7,-3,-28,-3,284649
953298,1490362,-896759,1381,30,4,30,-12,-12,4,-12,284687
953247,1490340,-897250,1414,5,1,5,-13,16,1,16,284701
953257,1490239,-897734,1407,-22,11,-22,-15,19,11,19,284709
953261,1490220,-897993,1412,-17,-17,-17,-5,-24,-17,-24,284655
953113,1490221,-898471,1405,17,-16,17,-10,7,-16,7,284684
953128,1490459,-898771,1403,-67,-30,-67,-261,-98,-30,-98,284675
953129,1491613,-899078,1411,-53,-26,-53,-132,-91,-26,-91,284671
953110,1489940,-899705,1418,-35,14,-35,-134,118,14,118,284599
953068,1490012,-900172,1424,-5,7,-5,22,21,7,21,284662
952933,1489611,-900602,1418,-58,0,-58,-347,-10,0,-10,284697
952929,1489944,-901068,1417,-35,4,-35,-43,16,4,16,284707
953006,1489678,-901336,1383,95,-52,95,-226,128,-52,128,284628
952753,1490180,-901638,1345,125,29,125,-134,-53,29,-53,284668
952590,1490357,-901970,1384,82,26,82,-175,-65,26,-65,284682
952258,1490429,-902428,1275,186,-19,186,-171,23,-19,23,284711
952458,1490390,-902842,1239,-54,0,-54,-20,6,0,6,284710
952623,1490216,-903298,1250,-12,26,-12,12,1,26,1,284687
952440,1489503,-903660,1348,138,9,138,-703,-13,9,-13,284694
952223,1488189,-904151,1350,-104,-22,-104,-229,-62,-22,-62,284698
952022,1489056,-904746,1376,-25,-65,-25,36,-18,-65,-18,284583
952022,1489056,-904746,1376,-25,-65,-25,36,-18,-65,-18,284583
951835,1489193,-905199,1384,-74,-36,-74,-165,-46,-36,-46,284668
951914,1489835,-905463,1373,-99,-65,-99,-152,-117,-65,-117,284614
951917,1487381,-906048,1397,34,15,34,-153,-146,15,-146,284598
952031,1488539,-906576,1342,15,53,15,24,-28,53,-28,284634
951915,1489118,-906953,1398,-2,15,-2,5,-5,15,-5,284703
951594,1489647,-907118,1304,87,118,87,-48,-84,118,-84,284583
951605,1488420,-907625,1379,55,59,55,-123,-92,59,-92,284611
951537,1489211,-907751,1414,11,25,11,13,-50,25,-50,284516
951709,1489293,-908083,1295,145,-3,145,-147,3,-3,3,284644
951662,1488327,-908481,1388,29,0,29,-11,-3,0,-3,284674
951794,1489140,-908699,1349,-21,-70,-21,2,-25,-70,-25,284621
951893,1485637,-909316,1339,185,86,185,-529,-309,86,-309,284502
951835,1487603,-909463,1402,28,26,28,61,-34,26,-34,284472
951770,1487407,-909849,1420,5,7,5,-27,0,7,0,284630
951418,1487328,-909934,1247,-55,191,-55,-2,60,191,60,284492
951245,1488398,-909978,1357,-38,120,-38,-42,122,120,122,284399
951184,1488494,-910343,1406,-28,35,-28,-569,10,35,10,284630
951118,1489404,-910832,1421,-11,14,-11,-59,52,14,52,284672
950934,1488525,-910973,1391,25,71,25,15,-45,71,-45,284557
950803,1489268,-911354,1409,12,19,12,3,-6,19,-6,284651
950939,1487444,-911883,1340,-69,60,-69,-49,47,60,47,284662
950922,1488500,-912319,1400,2,22,2,-44,-18,22,-18,284697
950821,1489428,-912690,1418,13,7,13,-41,-7,7,-7,284712
951058,1488370,-913083,1239,68,30,68,-2,-12,30,-12,284706
951045,1489908,-913378,1362,71,0,71,-392,58,0,58,284711
950809,1489978,-913646,1350,21,26,21,42,5,26,5,284683
950930,1489089,-913999,1322,-89,-10,-89,-86,-23,-10,-23,284691
950938,1488543,-914382,1384,-50,1,-50,-97,9,1,9,284710
950866,1487919,-914969,1415,-9,-1,-9,-72,-102,-1,-102,284597
950851,1488970,-915204,1415,-22,-21,-22,-32,-66,-21,-66,284616
950810,1487229,-915552,1421,-8,-8,-8,18,-19,-8,-19,284663
950575,1488853,-915841,1359,136,19,136,-267,-48,19,-48,284673
950377,1488179,-916328,1374,8,-34,8,30,-22,-34,-22,284648
950120,1486604,-916648,1350,-13,10,-13,15,5,10,5,284693
949818,1487267,-916932,1307,107,23,107,-113,-22,23,-22,284689
949572,1486333,-917399,1318,92,-35,92,-44,42,-35,42,284688
949593,1486819,-917762,1374,26,-6,26,9,4,-6,4,284686
949518,1485930,-918034,1412,5,-2,5,6,7,-2,7,284683
949450,1485510,-918168,1424,0,5,0,11,9,5,9,284610
949346,1486704,-918515,1424,20,0,20,-141,13,0,13,284694
949163,1485635,-918835,1400,-63,3,-63,-137,11,3,11,284692
949221,1486511,-919269,1389,-6,21,-6,23,-1,21,-1,284679
949233,1488245,-919695,1399,-29,28,-29,-33,34,28,34,284682
949146,1488882,-920136,1419,-11,3,-11,-67,-43,3,-43,284656
948965,1485782,-920399,1399,-23,19,-23,5,10,19,10,284688
949032,1487763,-920686,1375,-7,5,-7,12,4,5,4,284703
949025,1486425,-921000,1405,3,1,3,10,0,1,0,284710
948928,1487516,-921352,1421,-17,0,-17,-679,-28,0,-28,284691
948841,1486615,-921645,1424,16,2,16,-128,-25,2,-25,284708
948725,1488244,-921790,1422,9,21,9,12,-32,21,-32,284624
948684,1488950,-922352,1423,10,26,10,-10,-58,26,-58,284573
948474,1489515,-922777,1394,38,-22,38,-21,21,-22,21,284656
948550,1489647,-923130,1376,33,7,33,-4,-5,7,-5,284677
948429,1489708,-923357,1407,-8,14,-8,-22,26,14,26,284671
948297,1489800,-923819,1417,-2,-8,-2,13,1,-8,1,284669
948195,1490426,-923978,1422,38,9,38,-622,-192,9,-192,284651
947986,1489368,-924277,1394,98,3,98,-177,-33,3,-33,284693
948062,1488329,-924527,1376,83,-17,83,-77,24,-17,24,284703
948062,1487778,-925080,1404,33,27,33,-18,-62,27,-62,284595
948000,1488044,-925574,1421,12,4,12,-441,202,4,202,284566
948009,1488833,-926045,1410,23,28,23,22,0,28,0,284625
948111,1488612,-926436,1365,-159,37,-159,-439,81,37,81,284660
947925,1489073,-926612,1388,-84,41,-84,-76,88,41,88,284656
947747,1488221,-926926,1385,-46,2,-46,-14,3,2,3,284686
947807,1487992,-926982,1383,-33,-61,-33,-10,-50,-61,-50,284570
947800,1487697,-927321,1408,6,-20,6,-6,-7,-20,-7,284668
947761,1488452,-927565,1421,21,-11,21,-215,65,-11,65,284678
947641,1488084,-928044,1417,14,-28,14,18,36,-28,36,284652
947623,1487407,-928491,1420,54,6,54,-514,-151,6,-151,284652
947707,1487939,-928695,1390,-143,-27,-143,-541,-140,-27,-140,284683
947707,1487939,-928695,1390,-143,-27,-143,-541,-140,-27,-140,284683
947583,1485523,-929016,1413,-18,-9,-18,52,-21,-9,-21,284703
947458,1485335,-929200,1413,7,13,7,2,-21,13,-21,284688
947741,1485205,-929690,1157,3,199,3,11,-1,199,-1,284562
947882,1486295,-929997,1248,10,48,10,16,-4,48,-4,284653
947876,1488355,-930255,1363,-58,3,-58,-316,-58,3,-58,284667
947944,1485525,-930460,1381,20,-10,20,5,4,-10,4,284691
948106,1484834,-930722,1295,235,5,235,-445,-15,5,-15,284696
948107,1483736,-931250,1375,44,43,44,52,-27,43,-27,284578
948072,1484242,-931560,1411,8,14,8,21,-2,14,-2,284662
948001,1484454,-931972,1422,0,3,0,-75,-62,3,-62,284669
948055,1484612,-932276,1390,25,0,25,0,-9,0,-9,284692
947870,1483888,-932699,1395,63,-22,63,-146,63,-22,63,284672
947950,1484420,-932924,1385,23,-29,23,27,13,-29,13,284689
948000,1483723,-933041,1388,-61,-45,-61,-127,-87,-45,-87,284660
947706,1484328,-933227,1299,-2,51,-2,20,-18,51,-18,284660
947817,1483894,-933394,1337,-166,-30,-166,-471,-136,-30,-136,284660
947826,1483463,-933843,1389,-76,26,-76,-137,119,26,119,284584
947928,1485651,-934199,1349,-131,33,-131,-188,63,33,63,284662
948227,1483886,-934406,1116,214,-49,214,-164,59,-49,59,284669
948186,1483270,-934741,1333,28,-9,28,21,26,-9,26,284663
948062,1484081,-935227,1396,9,-17,9,10,21,-17,21,284634
948053,1483597,-935463,1415,-22,-11,-22,-139,-28,-11,-28,284666
947949,1484106,-935565,1422,-21,9,-21,-82,84,9,84,284646
947704,1484358,-935847,1373,-66,3,-66,-53,12,3,12,284701
947867,1483391,-936201,1293,15,44,15,17,-6,44,-6,284694
947624,1483292,-936423,1315,152,24,152,-295,-25,24,-25,284692
947451,1483755,-936787,1366,-78,-23,-78,-328,-112,-23,-112,284661
947515,1483079,-937271,1367,39,65,39,-12,-106,65,-106,284577
947448,1485383,-937520,1410,6,19,6,-189,-16,19,-16,284685
947252,1485386,-937688,1389,41,29,41,-16,-30,29,-30,284676
947008,1483831,-938159,1364,-87,-54,-87,-140,-119,-54,-119,284612
946973,1483137,-938599,1409,-11,-8,-11,10,-53,-8,-53,284599
947093,1482801,-938749,1352,-9,-57,-9,17,-8,-57,-8,284629
947205,1482772,-938783,1342,-51,-95,-51,-26,-62,-95,-62,284598
947208,1482650,-938962,1388,3,-45,3,13,2,-45,2,284669
946827,1482463,-939290,1199,-77,-81,-77,-16,-24,-81,-24,284672
946952,1484724,-939751,1297,20,61,20,-3,-47,61,-47,284594
946846,1485006,-939962,1386,23,22,23,-111,-33,22,-33,284674
946777,1484706,-940148,1415,1,7,1,-191,35,7,35,284687
946727,1485177,-940250,1422,-22,-7,-22,-237,-100,-7,-100,284651
946711,1483961,-940622,1418,-7,18,-7,29,-9,18,-9,284633
946484,1484503,-940715,1374,55,54,55,-25,-57,54,-57,284629
946483,1483431,-940957,1399,28,23,28,-13,-26,23,-26,284696
946350,1482668,-941017,1411,-51,37,-51,-328,180,37,180,284589
946415,1482529,-941401,1397,4,55,4,31,6,55,6,284606
946339,1482513,-941670,1419,1,16,1,13,2,16,2,284691
946157,1484026,-941861,1398,97,19,97,-343,-53,19,-53,284701
945985,1483398,-942058,1403,17,13,17,47,-10,13,-10,284708
945790,1483065,-942454,1387,23,-51,23,0,33,-51,33,284606
945625,1482288,-942678,1391,-124,-20,-124,-645,-25,-20,-25,284690
945562,1483714,-942820,1417,-22,-6,-22,-14,-42,-6,-42,284692
945497,1483097,-943169,1425,-3,-1,-3,-1,-25,-1,-25,284687
945568,1482811,-943336,1390,10,-31,10,8,1,-31,1,284672
945483,1482826,-943412,1417,2,-8,2,-39,-44,-8,-44,284669
945249,1482856,-943693,1368,70,-23,70,-73,18,-23,18,284700
945198,1482659,-944118,1410,10,0,10,18,0,0,0,284608
945194,1482653,-944414,1414,-18,10,-18,-21,22,10,22,284679
945057,1482323,-944658,1418,-31,3,-31,-122,3,3,3,284699
944934,1482322,-944736,1419,-10,16,-10,17,13,16,13,284673
944760,1482508,-944808,1402,32,31,32,-35,-42,31,-42,284665
944588,1482527,-945136,1397,16,-23,16,9,6,-23,6,284647
944705,1481419,-945468,1340,-9,29,-9,10,5,29,5,284677
944768,1482059,-945611,1360,-43,-11,-43,-29,-18,-11,-18,284684
944950,1482130,-945954,1284,89,55,89,-54,-48,55,-48,284684
944688,1482288,-946118,1297,8,41,8,15,-6,41,-6,284699
944573,1482425,-946294,1384,6,18,6,8,-5,18,-5,284703
944209,1482456,-946483,1238,0,42,0,10,0,42,0,284687
944031,1482191,-946912,1340,-72,-37,-72,-152,-110,-37,-110,284618
943973,1482259,-947158,1402,-9,-11,-9,-13,-24,-11,-24,284682
944079,1481259,-947270,1361,-36,-55,-36,-2,-29,-55,-29,284664
944079,1481259,-947270,1361,-36,-55,-36,-2,-29,-55,-29,284664
944158,1481748,-947393,1365,35,-36,35,-23,17,-36,17,284698
943966,1481762,-947608,1385,-51,-6,-51,-130,13,-6,13,284696
943958,1482099,-947715,1408,-5,-14,-5,21,9,-14,9,284685
943897,1482241,-947970,1422,0,-3,0,13,0,-3,0,284688
943897,1482360,-948150,1413,0,-6,0,11,0,-6,0,284707
943715,1483794,-948406,1404,36,-13,36,-56,21,-13,21,284686
943605,1483008,-948436,1415,-11,21,-11,-10,67,21,67,284594
943676,1482228,-948636,1378,171,-14,171,-647,90,-14,90,284657
943714,1482199,-948650,1391,53,-52,53,40,73,-52,73,284594
943531,1482876,-948818,1396,144,-3,144,-823,-62,-3,-62,284677
943470,1482832,-948880,1419,26,1,26,81,-27,1,-27,284675
943409,1482630,-949272,1425,3,2,3,17,-12,2,-12,284636
943348,1482531,-949169,1427,2,-3,2,-5,80,-3,80,284462
943348,1482562,-949430,1418,3,5,3,17,11,5,11,284643
943409,1482853,-949449,1392,-65,-46,-65,-116,-96,-46,-96,284622
943103,1482743,-949588,1303,-12,48,-12,27,-20,48,-20,284656
943234,1482476,-949843,1313,94,33,94,-90,-25,33,-25,284693
943245,1482553,-950157,1382,14,26,14,26,-2,26,-2,284689
943119,1482787,-950278,1410,35,17,35,-215,-67,17,-67,284673
943104,1482736,-950575,1417,0,14,0,24,-1,14,-1,284681
943165,1482824,-950834,1392,-42,6,-42,-41,0,6,0,284696
942982,1482868,-950971,1390,37,20,37,-61,-31,20,-31,284697
942799,1482768,-951195,1396,19,1,19,5,-2,1,-2,284713
942737,1482804,-951512,1419,6,0,6,-21,44,0,44,284680
942614,1481280,-951665,1418,-29,3,-29,-120,24,3,24,284700
942694,1481919,-951815,1382,-44,-13,-44,-9,-9,-13,-9,284688
942559,1479850,-952017,1409,-10,-2,-10,9,0,-2,0,284712
942253,1481083,-952403,1308,-24,-104,-24,13,-18,-104,-18,284617
942386,1481479,-952798,1324,93,60,93,-122,-129,60,-129,284554
942554,1480686,-953080,1302,64,76,64,-2,-49,76,-49,284617
942623,1481298,-953224,1345,86,-8,86,-117,43,-8,43,284657
942552,1481493,-953360,1403,11,-1,11,-194,77,-1,77,284662
942558,1481942,-953478,1415,4,-13,4,26,15,-13,15,284681
942814,1481728,-953500,1197,337,-118,337,-488,172,-118,172,284654
942737,1480844,-953664,1359,52,-35,52,54,32,-35,32,284698
942615,1481438,-953897,1402,-9,-18,-9,-42,-18,-18,-18,284708
942431,1480338,-953992,1392,-111,27,-111,-419,125,27,125,284659
942569,1479757,-954200,1333,206,28,206,-515,-25,28,-25,284701
942495,1479665,-954212,1400,36,5,36,-22,61,5,61,284658
942446,1481059,-954364,1419,4,2,4,7,15,2,15,284712
942394,1481517,-954568,1426,0,0,0,-50,9,0,9,284720
942554,1482280,-954695,1324,-167,-20,-167,-251,-33,-20,-33,284706
942493,1482719,-954791,1397,-21,-4,-21,-353,-98,-4,-98,284689
942249,1482508,-955077,1366,-60,-28,-60,-9,-46,-28,-46,284704
942249,1482283,-955472,1396,26,29,26,-86,-112,29,-112,284584
942136,1482394,-955672,1412,-3,6,-3,21,-20,6,-20,284683
942085,1482229,-955725,1424,-1,2,-1,-53,38,2,38,284672
941959,1482254,-955945,1420,-11,0,-11,-5,4,0,4,284684
941822,1482702,-956274,1412,67,-27,67,-332,135,-27,135,284641
941944,1482435,-956457,1364,72,-18,72,-20,31,-18,31,284674
941699,1482389,-956779,1335,14,-55,14,28,11,-55,11,284672
941647,1482259,-957137,1400,11,-11,11,-117,-89,-11,-89,284658
941595,1481381,-957194,1419,-6,-7,-6,-92,-75,-7,-75,284666
941519,1481692,-957280,1425,-13,2,-13,-114,29,2,29,284700
941586,1482244,-957683,1392,-58,61,-58,-65,99,61,99,284609
941333,1482583,-957904,1348,84,1,84,-107,39,1,39,284682
941223,1484928,-958062,1398,24,1,24,0,5,1,5,284714
941349,1483984,-958100,1333,-68,-49,-68,-52,-42,-49,-42,284691
941212,1483365,-958502,1394,-3,-50,-3,6,33,-50,33,284530
941029,1483159,-958890,1390,45,-58,45,-64,77,-58,77,284586
940845,1483024,-958823,1396,41,34,41,-41,-73,34,-73,284559
940784,1482856,-959025,1419,7,8,7,-6,-9,8,-9,284663
940542,1483947,-959168,1363,17,11,17,14,-3,11,-3,284678
940431,1483119,-959345,1402,-20,5,-20,-77,5,5,5,284693
940419,1482850,-959459,1414,-1,-2,-1,18,2,-2,2,284689
940256,1483926,-959747,1411,13,-23,13,-2,23,-23,23,284673
940233,1483622,-960061,1418,-28,5,-28,-240,97,5,97,284656
940258,1483024,-960274,1408,21,12,21,0,0,12,0,284696
940236,1484271,-960595,1418,-38,19,-38,-374,152,19,152,284651
940432,1483714,-960762,1288,-141,7,-141,-93,26,7,26,284693
940432,1483714,-960762,1288,-141,7,-141,-93,26,7,26,284693
940441,1483407,-960995,1375,-70,19,-70,-168,71,19,71,284671
940359,1483749,-961077,1412,-22,9,-22,-284,97,9,97,284679
940250,1484345,-961287,1418,0,-2,0,32,20,-2,20,284697
940180,1483721,-961645,1425,1,-2,1,-91,107,-2,107,284611
940197,1483051,-961883,1413,12,22,12,8,-7,22,-7,284646
940418,1482863,-962152,1241,-38,65,-38,1,11,65,11,284676
940418,1482857,-962327,1358,-49,24,-49,-119,17,24,17,284680
940479,1482897,-962337,1366,-96,-34,-96,-161,-92,-34,-92,284667
940295,1481409,-962655,1388,-53,-50,-53,-38,-82,-50,-82,284635
940183,1481941,-962479,1409,-7,29,-7,15,-15,29,-15,284398
940193,1481982,-962716,1410,26,23,26,-56,-39,23,-39,284609
940249,1481034,-962878,1392,3,5,3,16,-5,5,-5,284683
940067,1480689,-963079,1391,24,-12,24,-7,12,-12,12,284702
939809,1480298,-963121,1344,-22,38,-22,0,17,38,17,284691
939941,1480072,-963546,1324,19,119,19,5,-31,119,-31,284545
940068,1479945,-963652,1334,70,2,70,-40,19,2,19,284650
940195,1480344,-963877,1313,-179,26,-179,-399,62,26,62,284670
940194,1481250,-964074,1385,-24,13,-24,54,7,13,7,284708
940117,1481805,-964163,1415,-2,4,-2,19,-4,4,-4,284692
940066,1480712,-964301,1422,14,0,14,-92,3,0,3,284709
940191,1481189,-964501,1341,180,27,180,-348,-55,27,-55,284701
940180,1480542,-964586,1392,42,0,42,25,3,0,3,284704
940200,1481561,-964856,1402,-19,21,-19,-28,36,21,36,284679
940109,1481626,-964953,1419,-20,7,-20,-258,19,7,19,284690
940003,1479419,-965110,1422,-29,2,-29,-186,3,2,3,284693
939688,1479588,-965243,1317,-64,20,-64,-4,9,20,9,284708
939626,1481006,-965116,1394,-13,-4,-13,-8,-58,-4,-58,284517
939516,1479158,-965151,1414,-21,8,-21,-94,40,8,40,284631
939463,1479690,-965120,1422,-11,-7,-11,-5,-29,-7,-29,284646
939334,1478384,-965350,1422,-30,-15,-30,-163,-82,-15,-82,284670
939146,1478833,-965558,1404,-89,-15,-89,-258,-54,-15,-54,284700
938832,1479044,-965636,1283,-186,29,-186,-180,33,29,33,284705
938978,1480553,-965861,1293,20,25,20,5,-6,25,-6,284695
938714,1479457,-966101,1321,130,-34,130,-223,76,-34,76,284687
938467,1478724,-966320,1330,83,-54,83,-26,54,-54,54,284673
938168,1479256,-966507,1291,-27,-59,-27,0,-4,-59,-4,284693
938119,1478624,-966381,1386,-10,-27,-10,-53,-111,-27,-111,284502
937920,1478251,-966483,1380,52,-2,52,-62,-28,-2,-28,284656
937685,1479447,-966566,1348,160,19,160,-332,-51,19,-51,284689
937562,1477136,-966651,1394,-15,16,-15,-122,37,16,37,284682
937607,1478410,-966793,1393,8,9,8,15,4,9,4,284695
937680,1479213,-966829,1379,-9,-25,-9,10,-7,-25,-7,284672
937449,1478654,-967045,1350,83,-35,83,-96,35,-35,35,284698
937313,1477191,-966999,1398,43,11,43,-107,-93,11,-93,284619
937310,1478479,-967181,1407,8,16,8,19,-16,16,-16,284669
937312,1477780,-967331,1408,54,9,54,-198,-20,9,-20,284712
937374,1477105,-967303,1390,-178,-38,-178,-1002,-239,-38,-239,284657
937429,1476341,-967395,1379,-100,-26,-100,-35,-67,-26,-67,284704
937194,1476889,-967667,1347,8,-68,8,10,10,-68,10,284654
936962,1476327,-967625,1339,103,52,103,-144,-114,52,-114,284614
936762,1479310,-967748,1358,64,26,64,-27,-30,26,-30,284684
936775,1477291,-967758,1389,20,-22,20,7,12,-22,12,284650
936705,1477161,-967872,1416,8,-7,8,-37,8,-7,8,284698
936515,1476098,-968046,1395,-13,-12,-13,4,-4,-12,-4,284706
936590,1475581,-967949,1378,-23,-67,-23,13,-36,-67,-36,284607
936643,1475382,-968125,1384,-21,-2,-21,1,4,-2,4,284681
936399,1475443,-968374,1352,70,-42,70,-74,49,-42,49,284687
936339,1476706,-968599,1405,7,-11,7,-216,72,-11,72,284685
936290,1475684,-968846,1420,14,4,14,-25,-36,4,-36,284682
936025,1475266,-968788,1335,-40,92,-40,-8,37,92,37,284616
935850,1475033,-968969,1377,-11,19,-11,26,7,19,7,284692
935666,1474829,-969219,1385,-66,-22,-66,-126,-66,-22,-66,284680
935485,1475852,-969462,1388,-59,-30,-59,-66,-53,-30,-53,284682
935376,1476201,-969694,1410,-56,-18,-56,-322,-71,-18,-71,284696
935306,1475646,-969859,1422,-9,-6,-9,37,-11,-6,-11,284684
935172,1476065,-969774,1421,-35,20,-35,-211,143,20,143,284605
935008,1475914,-969997,1401,80,-18,80,-285,112,-18,112,284661
934928,1476469,-970108,1420,6,-5,6,-47,13,-5,13,284706
934764,1475869,-970314,1401,30,-20,30,-16,25,-20,25,284696
934684,1476521,-970472,1420,2,-7,2,-8,-3,-7,-3,284718
934684,1476521,-970472,1420,2,-7,2,-8,-3,-7,-3,284718
934702,1474489,-970790,1417,14,38,14,-9,-72,38,-72,284573
934701,1475548,-970954,1416,57,23,57,-325,-77,23,-77,284641
934436,1475408,-971002,1346,54,35,54,12,-28,35,-28,284687
934256,1476445,-971190,1377,25,-4,25,0,5,-4,5,284709
934277,1476705,-971417,1397,44,15,44,-92,-41,15,-41,284709
934146,1476175,-971517,1414,32,6,32,-113,-15,6,-15,284714
934133,1475876,-971508,1415,-20,-15,-20,-40,-49,-15,-49,284678
934203,1476655,-971678,1378,-20,19,-20,8,0,19,0,284698
933910,1476068,-971726,1310,102,36,102,-94,-32,36,-32,284700
934011,1475347,-971722,1326,99,-32,99,-84,50,-32,50,284684
934020,1476659,-971683,1381,-46,-40,-46,-222,-109,-40,-109,284644
933972,1476965,-971809,1412,0,-11,0,-12,-20,-11,-20,284691
934087,1477003,-971894,1369,69,-8,69,-76,3,-8,3,284719
934024,1476388,-972041,1410,8,-2,8,-212,30,-2,30,284723
933707,1476885,-971962,1297,-21,104,-21,26,23,104,23,284641
933606,1477093,-971929,1386,-12,41,-12,-8,34,41,34,284657
933539,1477892,-972140,1415,-2,12,-2,-771,-147,12,-147,284673
933824,1476621,-972270,1156,-46,4,-46,69,-24,4,-24,284701
933761,1477278,-972490,1347,-1,0,-1,-201,90,0,90,284653
933781,1477302,-972577,1395,11,1,11,15,14,1,14,284706
933669,1476469,-972609,1413,27,6,27,-148,-37,6,-37,284705
933539,1476734,-972799,1419,-20,-1,-20,-91,-30,-1,-30,284709
933301,1476974,-972847,1366,-41,31,-41,-7,16,31,16,284697
933292,1476143,-972943,1399,-18,0,-18,-1,-9,0,-9,284697
933036,1477131,-972988,1348,168,25,168,-380,-61,25,-61,284713
933029,1479552,-973239,1401,42,23,42,19,-53,23,-53,284657
932922,1477129,-973517,1417,-22,-6,-22,-233,-125,-6,-125,284649
932805,1476179,-973677,1420,3,-4,3,23,-14,-4,-14,284675
932679,1477695,-973649,1415,-46,24,-46,-198,111,24,111,284633
932489,1476244,-973893,1394,-87,-29,-87,-156,-76,-29,-76,284649
932387,1476533,-974026,1415,-39,-10,-39,-213,-30,-10,-30,284702
932387,1478338,-974138,1411,-43,3,-43,-79,15,3,15,284692
932361,1478024,-974391,1419,-14,12,-14,-2,32,12,32,284668
932309,1477732,-974400,1424,0,1,0,-6,23,1,23,284702
932376,1476622,-974441,1392,-40,-12,-40,-34,-10,-12,-10,284712
932241,1475736,-974592,1408,-38,-9,-38,-73,-22,-9,-22,284706
931943,1475721,-974650,1315,159,39,159,-232,-65,39,-65,284681
931639,1476134,-974927,1267,-167,-103,-167,-249,-189,-103,-189,284598
931631,1476455,-975227,1373,16,-2,16,-229,-202,-2,-202,284557
931571,1476140,-975120,1411,-11,-9,-11,-181,-159,-9,-159,284601
931402,1475733,-975051,1401,40,35,40,-45,-100,35,-100,284612
931209,1474452,-975174,1388,91,9,91,-175,-9,9,-9,284689
931206,1474804,-975413,1412,4,20,4,6,34,20,34,284630
931085,1474966,-975607,1414,9,-8,9,0,20,-8,20,284669
931043,1475206,-975672,1421,-14,-5,-14,-64,-9,-5,-9,284705
930907,1476898,-975931,1412,112,-26,112,-937,199,-26,199,284669
930858,1475905,-976221,1424,18,-5,18,52,-33,-5,-33,284581
930716,1476650,-976206,1416,0,15,0,15,0,15,0,284655
930614,1476227,-976079,1422,26,22,26,-259,-186,22,-186,284564
930410,1475905,-976165,1396,64,-2,64,-86,-14,-2,-14,284682
930112,1475546,-976086,1297,66,79,66,-3,-42,79,-42,284658
930183,1475177,-976077,1351,43,-9,43,-16,21,-9,21,284671
930246,1475986,-975916,1372,75,-74,75,-125,147,-74,147,284550
930184,1476614,-975856,1412,10,-18,10,11,41,-18,41,284645
930042,1475844,-975990,1407,2,-9,2,12,7,-9,7,284685
929862,1476739,-976003,1397,29,16,29,-23,-21,16,-21,284696
929698,1475524,-976276,1394,-99,-42,-99,-425,-204,-42,-204,284606
929555,1475502,-976526,1406,19,-40,19,-47,46,-40,46,284622
929258,1475711,-976741,1328,236,-83,236,-533,172,-83,172,284622
929139,1477788,-977034,1393,48,-45,48,43,66,-45,66,284618
928949,1475949,-976902,1387,-143,49,-143,-728,321,49,321,284542
928907,1475507,-977017,1417,-21,14,-21,76,50,14,50,284666
928892,1475308,-977103,1420,-8,-1,-8,14,4,-1,4,284700
928708,1475070,-977228,1392,-32,-5,-32,-18,-4,-5,-4,284710
928649,1476558,-977598,1417,-12,1,-12,-389,250,1,250,284558
928417,1475964,-977793,1370,38,-28,38,12,62,-28,62,284656
928396,1475227,-977957,1406,44,0,44,-298,-65,0,-65,284688
928281,1475166,-978106,1419,7,-3,7,37,-8,-3,-8,284707
928283,1476057,-978218,1421,29,1,29,-100,-12,1,-12,284692
928111,1475786,-978523,1398,44,-50,44,-23,65,-50,65,284617
928111,1475786,-978523,1398,44,-50,44,-23,65,-50,65,284617
928090,1475461,-978515,1412,4,-26,4,13,8,-26,8,284676
927793,1475664,-978512,1303,176,37,176,-234,-63,37,-63,284694
927671,1475458,-978638,1385,49,7,49,-21,3,7,3,284712
927366,1475323,-978568,1301,59,84,59,-8,-35,84,-35,284650
927183,1475093,-978581,1370,0,47,0,7,6,47,6,284678
926938,1475117,-978525,1347,45,60,45,-14,-33,60,-33,284679
926755,1475326,-978817,1370,90,-38,90,-189,133,-38,133,284621
926450,1475135,-979085,1296,-18,-104,-18,19,-4,-104,-4,284610
926206,1475331,-979449,1325,121,-156,121,-214,230,-156,230,284441
926145,1475165,-979565,1397,21,-44,21,25,29,-44,29,284613
926084,1475078,-979610,1419,3,-11,3,13,2,-11,2,284672
926023,1475334,-979808,1425,-3,-2,-3,-194,91,-2,91,284652
926085,1476254,-980084,1394,20,60,20,13,-23,60,-23,284596
926036,1475732,-979992,1417,0,12,0,4,-23,12,-23,284627
926197,1474338,-980028,1322,-44,-17,-44,-8,-13,-17,-13,284688
925979,1474865,-979959,1350,42,49,42,-34,-64,49,-64,284651
925846,1473893,-980212,1399,19,-4,19,-15,33,-4,33,284626
925613,1474201,-980333,1364,-74,-9,-74,-95,-6,-9,-6,284696
925603,1474289,-980499,1406,11,2,11,-138,-40,2,-40,284700
925535,1474328,-980475,1421,9,-1,9,-282,95,-1,95,284679
925291,1474623,-980455,1352,16,43,16,37,6,43,6,284676
925046,1474732,-980386,1342,-63,71,-63,-26,58,71,58,284656
925045,1473718,-980177,1390,-12,-30,-12,12,-1,-30,-1,284477
925186,1474171,-980167,1318,96,-56,96,-76,45,-56,45,284618
925114,1474540,-980291,1395,15,-15,15,14,0,-15,0,284678
925238,1474904,-980177,1358,-84,-73,-84,-88,-94,-73,-94,284615
925462,1474935,-980446,1221,11,118,11,16,-32,118,-32,284568
925365,1473748,-980277,1364,-4,51,-4,-4,45,51,45,284525
925186,1474042,-980354,1376,-80,19,-80,-184,18,19,18,284651
924992,1473232,-980311,1380,-46,41,-46,-4,37,41,37,284655
924635,1473157,-980334,1228,153,39,153,-128,-16,39,-16,284699
924308,1473644,-980521,1232,-180,-58,-180,-282,-107,-58,-107,284676
924147,1474161,-980488,1357,-44,3,-44,15,10,3,10,284673
924179,1473136,-980424,1381,68,-34,68,-213,109,-34,109,284661
923887,1472369,-980483,1325,-202,-7,-202,-476,25,-7,25,284710
923942,1473858,-980355,1360,-115,-62,-115,-127,-131,-62,-131,284610
923772,1474364,-980516,1386,-16,-38,-16,24,-20,-38,-20,284664
923643,1474697,-980514,1407,2,2,2,9,-11,2,-11,284674
923643,1474686,-980714,1414,25,16,25,-52,-44,16,-44,284686
923643,1474451,-980893,1411,69,23,69,-319,-99,23,-99,284660
923457,1472353,-980804,1394,-6,50,-6,29,9,50,9,284635
923524,1473345,-980796,1382,76,-8,76,-147,52,-8,52,284678
923353,1473956,-980800,1398,-28,11,-28,-60,40,11,40,284703
923337,1474530,-980596,1410,-20,-40,-20,-12,-73,-40,-73,284473
923152,1473866,-980653,1394,91,-10,91,-268,-22,-10,-22,284646
922843,1473392,-980645,1299,75,39,75,3,-25,39,-25,284677
922862,1473156,-980686,1380,-23,6,-23,-93,-22,6,-22,284710
922606,1474262,-980674,1331,134,45,134,-202,-74,45,-74,284688
922715,1473337,-980823,1348,46,36,46,18,-23,36,-23,284709
922659,1474070,-980958,1405,7,10,7,5,-11,10,-11,284714
922655,1474709,-980876,1417,-13,-15,-13,-52,-71,-15,-71,284646
922742,1474669,-980995,1377,69,11,69,-86,-35,11,-35,284698
922604,1474061,-980925,1402,66,27,66,-289,-133,27,-133,284661
922376,1472989,-980997,1368,-111,10,-111,-252,-16,10,-16,284710
922356,1473814,-980962,1406,-9,-7,-9,12,20,-7,20,284684
922482,1474588,-980802,1336,-129,-95,-129,-172,-140,-95,-140,284585
922433,1474778,-980792,1400,-21,-29,-21,27,-28,-29,-28,284660
922254,1474650,-980758,1394,-54,26,-54,-93,67,26,67,284655
922117,1474679,-980979,1407,-28,-16,-28,-16,-34,-16,-34,284632
922054,1473569,-980782,1422,-2,-7,-2,-10,54,-7,54,284528
921827,1472932,-980759,1384,-23,27,-23,3,25,27,25,284638
921926,1472775,-980879,1361,-18,21,-18,6,7,21,7,284695
921814,1472630,-981000,1404,0,2,0,14,4,2,4,284708
921694,1473881,-980980,1412,18,14,18,-19,-24,14,-24,284690
921693,1474098,-981042,1419,36,4,36,-203,-2,4,-2,284719
921580,1472436,-981094,1420,29,0,29,-105,6,0,6,284713
921507,1471391,-981414,1426,7,-10,7,-2,54,-10,54,284593
921493,1471927,-981538,1422,0,1,0,9,11,1,11,284680
921630,1473845,-981690,1331,-218,33,-218,-489,77,33,77,284702
921574,1472979,-981833,1400,-37,9,-37,-61,-27,9,-27,284700
921574,1472979,-981833,1400,-37,9,-37,-61,-27,9,-27,284700
921582,1471546,-981989,1409,14,17,14,-12,-30,17,-30,284695
921456,1473193,-982161,1415,-1,-5,-1,24,-11,-5,-11,284696
921315,1472494,-982189,1414,-56,7,-56,-275,43,7,43,284704
921389,1472739,-982089,1376,-101,-56,-101,-141,-105,-56,-105,284640
921392,1472374,-982225,1403,23,-8,23,-135,-51,-8,-51,284691
921203,1472593,-982342,1384,56,-21,56,-49,18,-21,18,284689
921090,1471051,-982437,1411,-29,-8,-29,-305,-15,-8,-15,284710
920889,1470636,-982615,1386,5,-30,5,35,6,-30,6,284687
920884,1472724,-982714,1408,-11,-5,-11,-6,6,-5,6,284708
921011,1473816,-982810,1347,5,7,5,17,0,7,0,284710
920762,1473286,-982909,1326,31,-14,31,0,6,-14,6,284706
920828,1473976,-983038,1354,26,24,26,1,-16,24,-16,284688
920729,1472188,-983184,1403,11,2,11,-5,13,2,13,284696
920579,1473375,-983048,1402,-15,48,-15,0,45,48,45,284580
920725,1471736,-983037,1330,31,-32,31,-2,26,-32,26,284651
920594,1473185,-983007,1390,-5,7,-5,-3,25,7,25,284667
920461,1473157,-983004,1411,28,12,28,-156,-46,12,-46,284686
920230,1474564,-983066,1360,243,11,243,-861,-35,11,-35,284713
920093,1473521,-983211,1398,25,-4,25,75,-16,-4,-16,284703
919996,1472510,-983427,1419,-17,-6,-17,-694,-194,-6,-194,284659
919972,1471221,-983596,1421,15,9,15,-9,-83,9,-83,284676
919687,1473213,-983717,1317,118,-29,118,-112,21,-29,21,284701
919505,1471926,-983790,1375,58,-6,58,-55,0,-6,0,284711
919249,1470845,-983984,1341,-63,-61,-63,-58,-60,-61,-60,284662
919081,1470321,-984054,1387,-46,-16,-46,-51,-7,-16,-7,284695
918714,1469304,-984255,1216,173,-90,173,-147,75,-90,75,284673
918702,1471133,-984448,1355,-22,-7,-22,-224,113,-7,113,284667
918442,1472810,-984459,1320,-38,13,-38,19,23,13,23,284706
918324,1470678,-984352,1390,36,17,36,-305,-107,17,-107,284690
918030,1470423,-984324,1326,3,45,3,44,-17,45,-17,284686
918144,1471162,-984539,1321,86,83,86,-82,-82,83,-82,284648
918086,1469731,-984652,1396,8,25,8,-148,23,25,23,284694
918024,1470932,-984643,1419,0,9,0,38,-2,9,-2,284709
918217,1470670,-984805,1290,-87,61,-87,-43,37,61,37,284684
918157,1470289,-984795,1386,-10,16,-10,-21,38,16,38,284658
918084,1471420,-984647,1415,0,7,0,-12,-40,7,-40,284606
917922,1469896,-984466,1411,46,44,46,-151,-154,44,-154,284545
917977,1469983,-984641,1393,5,43,5,24,-21,43,-21,284639
917839,1471323,-984623,1407,35,25,35,-94,-42,25,-42,284684
917662,1472245,-984719,1398,98,-3,98,-314,31,-3,31,284711
917408,1471039,-984815,1360,-52,-18,-52,-39,-13,-18,-13,284706
917245,1473356,-985099,1389,84,-50,84,-463,228,-50,228,284600
917307,1471554,-985346,1376,93,49,93,-107,-91,49,-91,284589
917052,1470929,-985202,1341,73,79,73,-18,-71,79,-71,284622
917007,1471924,-985238,1400,-7,21,-7,-134,-33,21,-33,284679
916999,1472205,-985364,1413,-4,16,-4,21,-2,16,-2,284699
917063,1472038,-985507,1397,84,28,84,-244,-69,28,-69,284691
917059,1471899,-985620,1407,71,18,71,-258,-62,18,-62,284707
917041,1470160,-985645,1418,-21,0,-21,-207,-42,0,-42,284710
917047,1471459,-985527,1414,-41,-30,-41,-94,-108,-30,-108,284627
917121,1473021,-985694,1376,32,32,32,-9,-50,32,-50,284641
916812,1471519,-985584,1294,-61,99,-61,-24,41,99,41,284635
916737,1470046,-985747,1388,-12,29,-12,-415,138,29,138,284660
916516,1470114,-985996,1359,20,-69,20,40,53,-69,53,284600
916509,1468870,-986198,1401,17,-3,17,-2,-28,-3,-28,284638
916506,1470580,-986161,1412,-13,-13,-13,-4,-27,-13,-27,284681
916510,1471310,-986323,1418,27,14,27,-93,-69,14,-69,284668
916247,1469627,-986438,1348,45,-24,45,-2,3,-24,3,284697
916315,1471055,-986526,1376,-49,-3,-49,-59,12,-3,12,284711
916204,1471715,-986473,1409,-7,8,-7,15,3,8,3,284686
916007,1473381,-986647,1388,39,-28,39,-33,36,-28,36,284682
916139,1471076,-986832,1350,-177,27,-177,-469,110,27,110,284685
916187,1472929,-987031,1371,-46,45,-46,45,38,45,38,284676
916246,1471561,-987131,1387,11,24,11,9,-1,24,-1,284699
916208,1473217,-987145,1416,-3,6,-3,-15,-10,6,-10,284706
916209,1473989,-987168,1416,1,-2,1,12,0,-2,0,284710
916260,1473392,-987253,1397,-28,6,-28,-16,7,6,7,284707
916257,1472915,-987335,1407,5,6,5,3,-2,6,-2,284709
916074,1471227,-987369,1401,-68,12,-68,-224,32,12,32,284707
916012,1471647,-987424,1420,-9,3,-9,-5,0,3,0,284711
916012,1471647,-987424,1420,-9,3,-9,-5,0,3,0,284711
916030,1473029,-987588,1417,23,17,23,-44,-37,17,-37,284684
915836,1472821,-987516,1392,11,36,11,11,-15,36,-15,284671
915844,1471774,-987675,1407,-40,26,-40,-149,58,26,58,284675
915942,1472819,-987602,1357,161,-56,161,-422,180,-56,180,284638
916139,1473570,-987536,1252,183,-98,183,-110,111,-98,111,284657
916270,1472861,-987628,1297,162,-25,162,-170,3,-25,3,284695
916130,1473729,-987716,1378,0,-13,0,-28,-12,-13,-12,284707
915945,1471708,-987948,1384,-71,-50,-71,-166,-119,-50,-119,284634
915880,1473119,-987854,1415,-10,-15,-10,-11,23,-15,23,284651
915905,1472908,-987848,1401,-22,-10,-22,-9,-3,-10,-3,284707
915724,1472505,-987953,1393,-54,-22,-54,-80,-36,-22,-36,284697
915763,1473832,-987888,1395,-64,-34,-64,-106,-71,-34,-71,284664
915714,1473004,-987926,1419,-8,-11,-8,-70,6,-11,6,284705
915661,1471691,-988031,1424,-1,-2,-1,22,2,-2,2,284703
915475,1472990,-988077,1399,-54,-3,-54,-92,-4,-3,-4,284710
915356,1472769,-988205,1416,-9,-5,-9,18,0,-5,0,284702
915237,1473955,-988233,1419,16,1,16,-37,-10,1,-10,284707
915105,1474535,-988471,1414,18,-33,18,-6,41,-33,41,284616
915156,1472294,-988714,1389,34,41,34,-15,-39,41,-39,284610
914978,1472503,-988711,1398,27,28,27,-14,-24,28,-24,284676
914976,1472004,-988597,1407,90,-20,90,-601,203,-20,203,284634
914846,1472543,-988609,1417,49,-4,49,-167,17,-4,17,284695
914916,1472846,-988718,1388,-95,19,-95,-259,59,19,59,284698
914681,1471616,-988729,1349,35,14,35,0,2,14,2,284713
914422,1473104,-988776,1342,-21,9,-21,0,2,9,2,284710
914438,1471593,-988824,1384,21,5,21,-20,-2,5,-2,284711
914559,1472452,-988705,1345,-183,-54,-183,-480,-152,-54,-152,284665
914627,1471352,-988722,1367,-37,-16,-37,54,-24,-16,-24,284709
914550,1471133,-988674,1410,3,-3,3,-362,-73,-3,-73,284701
914370,1470839,-988848,1396,59,-33,59,-90,60,-33,60,284674
914186,1472510,-988881,1384,-56,-2,-56,-106,23,-2,23,284703
914133,1471160,-988816,1415,-4,-3,-4,-52,46,-3,46,284686
914000,1470357,-989020,1419,-46,-11,-46,-257,-90,-11,-90,284682
913649,1470242,-989145,1262,72,-32,72,9,4,-32,4,284698
913559,1471294,-989173,1379,10,-9,10,11,1,-9,1,284712
913327,1471079,-989448,1357,148,-74,148,-373,192,-74,192,284617
913458,1470517,-989583,1317,27,28,27,52,26,28,26,284662
913315,1471655,-989738,1378,41,-10,41,-58,40,-10,40,284678
913083,1470882,-989749,1357,4,12,4,15,7,12,7,284696
913154,1471857,-990048,1361,-84,82,-84,-147,149,82,149,284578
913031,1471906,-990159,1401,-53,15,-53,-216,-33,15,-33,284657
912973,1472263,-990330,1420,-10,6,-10,-4,29,6,29,284667
913031,1472520,-990358,1403,-40,-8,-40,-51,-7,-8,-7,284695
912834,1473731,-990333,1386,3,18,3,13,-8,18,-8,284697
912848,1474513,-990352,1402,-31,0,-31,-65,-15,0,-15,284709
912828,1472685,-990589,1416,-25,19,-25,-84,94,19,94,284620
912852,1471309,-990500,1409,4,-22,4,29,35,-22,35,284641
912779,1470739,-990407,1422,2,-4,2,5,-12,-4,-12,284662
912672,1470087,-990453,1425,-16,0,-16,-183,3,0,3,284700
912550,1470216,-990571,1421,16,-8,16,-31,27,-8,27,284697
912550,1470296,-990743,1421,-15,13,-15,-51,57,13,57,284673
912244,1468734,-990983,1296,-140,-121,-140,-132,-124,-121,-124,284593
912231,1469125,-991225,1383,4,-14,4,-96,-123,-14,-123,284598
912290,1468667,-991358,1384,-65,27,-65,-116,47,27,47,284657
911979,1471409,-991352,1295,-143,21,-143,-109,24,21,24,284697
911745,1470641,-991392,1341,-69,5,-69,-19,2,5,2,284711
911750,1470297,-991582,1387,1,28,1,2,-23,28,-23,284662
911683,1469275,-991664,1416,8,7,8,-166,16,7,16,284696
911669,1470646,-991569,1419,14,-14,14,-3,40,-14,40,284660
911688,1471493,-991585,1417,3,-4,3,10,7,-4,7,284707
911489,1472064,-991604,1390,28,-1,28,-11,1,-1,1,284711
911548,1470252,-991797,1378,-69,39,-69,-128,75,39,75,284669
911431,1471288,-991873,1408,-9,6,-9,21,11,6,11,284700
911330,1471798,-991852,1420,-3,6,-3,7,8,6,8,284702
911142,1472409,-992037,1389,91,-39,91,-222,105,-39,105,284667
911198,1471263,-992184,1379,39,27,39,20,-6,27,-6,284668
910957,1471837,-992037,1342,-4,86,-4,11,8,86,8,284624
910948,1472407,-992117,1397,-36,29,-36,-191,23,29,23,284694
910817,1471093,-992143,1406,-42,9,-42,-78,6,9,6,284710
910895,1470059,-992137,1371,171,0,171,-607,12,0,12,284711
910895,1470059,-992137,1371,171,0,171,-607,12,0,12,284711
910690,1471318,-992208,1365,60,-7,60,47,5,-7,5,284709
910702,1470928,-992094,1392,-30,-31,-30,-81,-69,-31,-69,284659
910776,1472975,-992163,1378,-60,4,-60,-59,7,4,7,284705
910897,1470282,-992024,1342,63,-57,63,-59,63,-57,63,284661
910997,1471646,-991975,1336,-103,-56,-103,-175,-61,-56,-61,284673
910835,1472973,-992039,1382,-76,-14,-76,-149,-9,-14,-9,284703
911074,1471583,-992058,1209,34,4,34,18,0,4,0,284711
911071,1470923,-992108,1350,1,6,1,18,2,6,2,284708
910956,1470428,-992182,1401,0,0,0,18,1,0,1,284708
910875,1470146,-992127,1419,-2,3,-2,-2,17,3,17,284689
910899,1470563,-992137,1415,-79,-8,-79,-517,-50,-8,-50,284708
910826,1470371,-992330,1425,-11,-4,-11,38,21,-4,21,284669
910658,1470088,-992397,1407,-31,-11,-31,-24,-9,-11,-9,284708
910719,1470328,-992609,1381,-84,47,-84,-145,100,47,100,284645
910536,1470184,-992421,1393,-4,62,-4,22,0,62,0,284587
910324,1471060,-992560,1375,-56,-16,-56,-62,-47,-16,-47,284646
910153,1470943,-992580,1391,68,-8,68,-262,6,-8,6,284704
910100,1469616,-992710,1415,-2,3,-2,-41,41,3,41,284690
910035,1469838,-992650,1424,-1,-1,-1,9,-4,-1,-4,284677
909903,1470176,-992394,1419,30,38,30,-96,-142,38,-142,284529
910080,1471173,-992490,1307,70,49,70,-10,-42,49,-42,284656
910090,1469477,-992418,1379,16,-3,16,11,0,-3,0,284674
909966,1469823,-992331,1404,24,16,24,-36,-39,16,-39,284681
909782,1471131,-992302,1387,24,27,24,2,-19,27,-19,284690
909604,1470792,-992213,1390,46,42,46,-57,-58,42,-58,284662
909674,1470540,-992184,1371,-59,-13,-59,-64,-44,-13,-44,284696
909558,1469297,-992344,1403,23,-20,23,-112,64,-20,64,284686
909302,1469703,-992117,1338,59,111,59,-12,-67,111,-67,284538
909294,1470992,-992145,1394,0,34,0,12,-11,34,-11,284674
909054,1470774,-992021,1357,83,64,83,-103,-76,64,-76,284664
909003,1470475,-992007,1405,9,16,9,12,-16,16,-16,284709
908880,1470574,-991961,1418,35,9,35,-267,-53,9,-53,284708
908747,1470180,-991934,1416,-12,9,-12,0,3,9,3,284709
908934,1470099,-991920,1297,27,-21,27,10,5,-21,5,284712
908949,1470197,-992024,1375,-23,0,-23,-47,16,0,16,284709
908827,1470420,-992121,1406,41,-8,41,-296,64,-8,64,284699
908704,1469212,-992208,1418,21,-8,21,-19,33,-8,33,284704
908446,1468290,-992241,1351,-47,-2,-47,-22,5,-2,5,284709
908272,1469248,-992309,1382,34,-8,34,-65,15,-8,15,284707
908254,1468484,-992078,1407,0,-35,0,11,-20,-35,-20,284573
908204,1469275,-991996,1420,-5,-17,-5,-5,-24,-17,-24,284641
907950,1469596,-992033,1344,-17,9,-17,8,-3,9,-3,284690
907911,1469660,-992050,1401,4,3,4,-19,-3,3,-3,284711
907951,1470165,-992028,1397,-67,-10,-67,-189,-35,-10,-35,284703
908082,1469093,-991957,1329,-76,-46,-76,-23,-38,-46,-38,284690
908034,1468573,-991914,1398,-20,-17,-20,-105,-50,-17,-50,284694
907945,1468946,-991787,1419,-12,-2,-12,-280,130,-2,130,284656
907969,1469039,-991623,1409,80,-30,80,-367,177,-30,177,284638
908078,1468246,-991664,1361,30,3,30,38,22,3,22,284699
907958,1467632,-991817,1402,-30,-11,-30,-196,-74,-11,-74,284685
907907,1470092,-991787,1419,-10,-5,-10,-38,-35,-5,-35,284709
907841,1470118,-991847,1426,0,-2,0,3,-2,-2,-2,284718
907600,1471062,-992101,1366,-33,-82,-33,0,-46,-82,-46,284617
907406,1470625,-992159,1384,7,-41,7,4,0,-41,0,284678
907170,1469474,-992247,1357,130,-30,130,-264,41,-30,41,284704
907226,1468548,-992268,1370,54,-11,54,27,9,-11,9,284711
907172,1467818,-992284,1410,15,-4,15,-137,10,-4,10,284710
907114,1469559,-992369,1422,11,0,11,-530,-67,0,-67,284701
907107,1468795,-992574,1415,-37,25,-37,-80,84,25,84,284652
906852,1468237,-992628,1353,10,-6,10,13,16,-6,16,284699
906989,1468119,-992660,1323,-125,16,-125,-167,23,16,23,284715
907050,1467845,-992735,1372,-45,19,-45,21,13,19,13,284704
907111,1467782,-992714,1387,-44,-9,-44,-29,-16,-9,-16,284704
907173,1468807,-992845,1391,-30,15,-30,12,15,15,15,284698
907103,1468468,-992683,1417,-2,6,-2,-160,-126,6,-126,284619
907275,1468031,-992643,1311,-20,-52,-20,22,-26,-52,-26,284665
907279,1467560,-992628,1384,27,-22,27,-89,16,-22,16,284698
907355,1467733,-992590,1375,-69,-30,-69,-110,-39,-30,-39,284697
907355,1467594,-992652,1404,-5,-3,-5,17,-9,-3,-9,284710
907540,1468439,-992432,1310,153,-111,153,-192,153,-111,153,284600
907540,1468439,-992432,1310,153,-111,153,-192,153,-111,153,284600
907582,1466749,-992654,1362,43,17,43,21,-5,17,-5,284598
907347,1465582,-992472,1350,-155,77,-155,-419,202,77,202,284585
907213,1467340,-992659,1399,-53,4,-53,-107,-62,4,-62,284614
906991,1467385,-992865,1371,-34,-57,-34,11,-41,-57,-41,284613
906753,1467279,-992941,1342,-64,-35,-64,-39,-21,-35,-21,284690
906743,1464957,-993122,1392,6,10,6,-13,-38,10,-38,284667
906740,1465815,-993218,1409,52,5,52,-300,-32,5,-32,284712
906680,1466557,-993145,1422,9,0,9,29,6,0,6,284696
906608,1466951,-993007,1426,3,-2,3,9,14,-2,14,284654
906745,1466662,-993040,1345,220,-11,220,-577,30,-11,30,284699
906745,1467065,-993320,1394,40,29,40,70,-16,29,-16,284583
906806,1466963,-993200,1385,84,-28,84,-167,86,-28,86,284632
906990,1468182,-993143,1290,134,-51,134,-84,55,-51,55,284674
907041,1467926,-993244,1359,7,-1,7,13,15,-1,15,284697
906970,1467628,-993317,1408,1,0,1,26,7,0,7,284716
906913,1467905,-993208,1422,-6,-1,-6,-254,-78,-1,-78,284706
906989,1467576,-993198,1377,60,-21,60,-41,10,-21,10,284709
906927,1467749,-993162,1413,7,-6,7,-72,-18,-6,-18,284706
906845,1467366,-993165,1422,-18,0,-18,-223,7,0,7,284711
906733,1467585,-993195,1425,14,1,14,-76,-2,1,-2,284709
906608,1467817,-993291,1420,45,-11,45,-227,64,-11,64,284692
906745,1467662,-993396,1355,-1,38,-1,30,13,38,13,284694
906809,1469777,-993388,1380,19,0,19,-1,11,0,11,284707
906985,1468790,-993306,1311,-26,-42,-26,1,-10,-42,-10,284706
906791,1468453,-993312,1367,54,-11,54,-124,-5,-11,-5,284720
906684,1468188,-993207,1407,27,6,27,-81,-58,6,-58,284699
906501,1468012,-993401,1401,47,-35,47,-56,61,-35,61,284657
906501,1467741,-993277,1411,5,-32,5,20,2,-32,2,284640
906440,1467477,-993352,1424,-2,-10,-2,-16,-6,-10,-6,284691
906500,1466554,-993336,1395,-55,-10,-55,-86,-13,-10,-13,284709
906174,1466726,-993591,1268,-139,-135,-139,-90,-116,-135,-116,284593
906246,1466897,-993568,1341,45,-66,45,-92,22,-66,22,284662
906019,1467010,-993604,1360,-41,-27,-41,-36,-4,-27,-4,284694
905932,1467323,-993528,1407,-3,-4,-3,-2,-18,-4,-18,284688
905813,1466204,-993469,1419,4,5,4,22,-9,5,-9,284694
905929,1466789,-993530,1358,15,14,15,9,-4,14,-4,284708
905757,1466918,-993688,1385,-45,-23,-45,-91,-60,-23,-60,284675
905935,1465151,-993812,1296,-139,47,-139,-129,51,47,51,284679
905814,1464919,-993735,1383,-42,25,-42,-48,47,25,47,284695
905648,1464892,-993891,1395,-19,-17,-19,6,-9,-17,-9,284672
905590,1466294,-994068,1419,0,-7,0,-115,70,-7,70,284677
905649,1465713,-994067,1393,3,-8,3,21,12,-8,12,284704
905579,1466175,-994043,1417,-2,-1,-2,-425,48,-1,48,284707
905511,1464280,-994058,1425,0,0,0,-54,18,0,18,284710
905565,1465796,-994059,1398,-14,-9,-14,9,0,-9,0,284709
905581,1466921,-994196,1400,-68,24,-68,-218,96,24,96,284671
905508,1466054,-994179,1420,-11,7,-11,29,13,7,13,284701
905685,1466722,-993953,1322,-3,-119,-3,12,1,-119,1,284571
905635,1465752,-994094,1395,3,-32,3,-29,-33,-32,-33,284651
905569,1465311,-994118,1419,-2,-9,-2,-4,-8,-9,-8,284703
905532,1464986,-994100,1423,10,-6,10,-54,19,-6,19,284707
905582,1466357,-994108,1392,-45,-2,-45,-48,3,-2,3,284712
905406,1467389,-994011,1393,130,19,130,-734,-120,19,-120,284694
905448,1467377,-994097,1394,29,19,29,75,-23,19,-23,284708
905646,1467269,-993959,1278,107,-96,107,-56,68,-96,68,284640
905524,1467476,-994111,1380,29,-42,29,-15,50,-42,50,284656
905462,1466313,-994158,1414,4,-12,4,10,5,-12,5,284701
905441,1466881,-994115,1417,-3,-13,-3,7,-6,-13,-6,284697
905269,1467114,-993962,1402,-17,34,-17,-1,28,34,28,284648
905204,1467748,-994021,1420,-3,10,-3,-623,44,10,44,284702
905280,1467434,-993947,1394,41,-22,41,8,40,-22,40,284691
905341,1467267,-994044,1385,63,15,63,-91,-32,15,-32,284693
905341,1467371,-994317,1406,10,35,10,18,-6,35,-6,284605
905280,1467487,-994354,1421,0,10,0,11,-1,10,-1,284693
905219,1467230,-994245,1426,-5,5,-5,-127,77,5,77,284666
905279,1466136,-994359,1395,16,32,16,12,-2,32,-2,284679
905042,1463976,-994487,1349,-218,-24,-218,-681,-111,-24,-111,284694
904843,1463345,-994395,1377,-38,15,-38,82,-14,15,-14,284695
904725,1464442,-994396,1407,34,7,34,-283,-20,7,-20,284709
904858,1465785,-994448,1344,44,19,44,17,-10,19,-10,284706
904858,1465785,-994448,1344,44,19,44,17,-10,19,-10,284706
904857,1466749,-994553,1395,-26,16,-26,-109,41,16,41,284698
904713,1464538,-994641,1405,-42,-9,-42,-105,-40,-9,-40,284698
904846,1463932,-994692,1331,-160,21,-160,-244,34,21,34,284726
904845,1466031,-994778,1395,-75,16,-75,-428,94,16,94,284712
904734,1466504,-994605,1412,-36,28,-36,-35,95,28,95,284639
904666,1466991,-994664,1423,-5,7,-5,11,19,7,19,284689
904593,1466894,-994755,1427,-5,1,-5,-208,-32,1,-32,284714
904548,1466726,-994887,1426,18,6,18,-425,-137,6,-137,284673
904484,1464624,-994958,1427,3,1,3,-70,-35,1,-35,284709
904236,1463496,-994965,1360,-43,5,-43,-10,-2,5,-2,284714
904112,1465308,-995178,1401,-4,-25,-4,17,5,-25,5,284619
904223,1465127,-995259,1357,33,13,33,0,-11,13,-11,284685
904174,1464953,-995176,1405,10,-1,10,24,0,-1,0,284687
904056,1465467,-995012,1413,73,27,73,-590,-231,27,-231,284637
904102,1465014,-994920,1405,50,-20,50,-22,23,-20,23,284663
904163,1465934,-994891,1381,80,-32,80,-117,50,-32,50,284685
904184,1465473,-995003,1393,18,8,18,18,2,8,2,284700
904114,1466691,-995097,1417,5,1,5,-80,33,1,33,284698
904231,1467126,-995218,1358,-22,48,-22,9,21,48,21,284681
904229,1468773,-995273,1395,-52,21,-52,-194,35,21,35,284705
904166,1469731,-995525,1417,-12,8,-12,-233,185,8,185,284590
904065,1468723,-995600,1422,2,-1,2,26,35,-1,35,284677
903808,1468034,-995684,1364,-54,-18,-54,-33,-10,-18,-10,284701
903754,1467908,-995740,1409,-6,-5,-6,-15,10,-5,10,284705
903878,1468728,-995803,1350,63,9,63,-48,-9,9,-9,284710
903737,1468366,-995883,1394,32,-8,32,-20,22,-8,22,284698
903747,1467900,-996024,1406,14,16,14,3,-12,16,-12,284686
903876,1467675,-996011,1333,19,-13,19,6,1,-13,1,284703
903876,1467480,-996198,1387,32,21,32,-55,-65,21,-65,284662
903876,1467396,-996229,1411,3,8,3,31,-10,8,-10,284697
904057,1465419,-996041,1316,-115,-91,-115,-113,-104,-91,-104,284628
903810,1466429,-995840,1318,11,68,11,10,-54,68,-54,284569
903811,1465450,-995805,1382,49,14,49,-155,11,14,11,284671
903921,1464818,-995697,1342,211,-60,211,-539,177,-60,177,284672
903793,1465984,-995687,1398,34,-20,34,69,22,-20,22,284714
903682,1466871,-995711,1417,19,-6,19,-76,6,-6,6,284712
903555,1465893,-995604,1417,-6,11,-6,4,18,11,18,284686
903579,1465189,-995505,1409,61,-12,61,-230,68,-12,68,284701
903506,1465592,-995442,1422,17,-2,17,-625,-98,-2,-98,284697
903309,1466720,-995464,1399,76,-5,76,-117,-6,-5,-6,284714
903270,1467179,-995382,1418,10,-7,10,24,-8,-7,-8,284706
903129,1466961,-995480,1414,-62,-16,-62,-342,-79,-16,-79,284693
902898,1465056,-995402,1379,-2,24,-2,66,-19,24,-19,284696
902651,1465843,-995571,1338,-144,-45,-144,-257,-103,-45,-103,284676
902530,1465455,-995329,1394,-25,21,-25,35,-2,21,-2,284508
902395,1465335,-995437,1408,16,-9,16,-24,31,-9,31,284631
902296,1463781,-995404,1420,-20,1,-20,-196,47,1,47,284678
901907,1465357,-995465,1198,-98,-27,-98,-12,-4,-27,-4,284709
901903,1465356,-995496,1351,-36,-10,-36,-41,-6,-10,-6,284711
901733,1465183,-995611,1383,-6,-23,-6,13,-2,-23,-2,284691
901857,1464035,-995520,1343,-46,-42,-46,-16,-24,-42,-24,284692
901922,1464497,-995721,1369,-3,35,-3,13,-8,35,-8,284637
902026,1466104,-995671,1352,-86,-27,-86,-112,-55,-27,-55,284673
902028,1464617,-995627,1396,-38,-18,-38,-41,-36,-18,-36,284689
901734,1464709,-996033,1302,-45,-207,-45,0,-76,-207,-76,284371
901501,1466074,-996260,1344,-13,-145,-13,26,-7,-145,-7,284489
901488,1463271,-996274,1398,4,-47,4,12,-1,-47,-1,284662
901380,1462656,-996385,1418,-13,-18,-13,-122,-41,-18,-41,284697
901233,1462474,-996280,1412,-23,16,-23,-15,29,16,29,284695
901072,1461750,-996312,1399,87,7,87,-338,-6,7,-6,284710
901119,1461118,-996420,1394,-25,16,-25,-21,21,16,21,284703
901127,1460504,-996314,1407,1,-12,1,16,12,-12,12,284686
901066,1459893,-996397,1421,15,0,15,-364,-57,0,-57,284703
900823,1460979,-996404,1353,-74,3,-74,-27,-5,3,-5,284712
900806,1461410,-996419,1401,20,0,20,-198,7,0,7,284710
900951,1461861,-996423,1331,1,-11,1,34,2,-11,2,284708
901072,1461257,-996349,1341,-87,-39,-87,-117,-52,-39,-52,284706
900938,1461931,-996494,1397,-3,-23,-3,0,14,-23,14,284691
900867,1462278,-996439,1418,2,-4,2,-14,-11,-4,-11,284697
900708,1463768,-996366,1408,49,15,49,-126,-48,15,-48,284696
900708,1463768,-996366,1408,49,15,49,-126,-48,15,-48,284696
900630,1464208,-996414,1422,4,3,4,-12,-16,3,-16,284713
900620,1462027,-996361,1417,28,-8,28,-45,21,-8,21,284706
900257,1461222,-996327,1249,46,26,46,10,-3,26,-3,284708
900089,1460686,-996421,1354,20,-5,20,6,7,-5,7,284702
900159,1460547,-996214,1368,-36,-65,-36,-31,-69,-65,-69,284600
900139,1460533,-996192,1406,-30,-24,-30,-129,-38,-24,-38,284683
900076,1461181,-996147,1421,5,-9,5,-174,40,-9,40,284702
899830,1461509,-995950,1350,-75,85,-75,-31,96,85,96,284609
899975,1462075,-995984,1303,-86,46,-86,-35,27,46,27,284689
899791,1461961,-995913,1369,-70,35,-70,-140,62,35,62,284696
899854,1463739,-995971,1377,-131,20,-131,-393,48,20,48,284715
899651,1461819,-996037,1375,-91,-7,-91,-74,-16,-7,-16,284706
899772,1463376,-996259,1343,-59,80,-59,-8,48,80,48,284613
899599,1462894,-996624,1380,-26,-60,-26,0,-53,-60,-53,284389
899601,1462772,-996705,1409,-18,-13,-18,-11,6,-13,6,284608
899425,1462645,-996571,1398,3,28,3,11,-7,28,-7,284649
899363,1461628,-996533,1418,-7,6,-7,-72,-22,6,-22,284706
899043,1459764,-996520,1295,50,38,50,3,-12,38,-12,284722
898855,1459854,-996408,1359,12,46,12,11,-3,46,-3,284684
898573,1461297,-996734,1314,136,-133,136,-167,206,-133,206,284480
898428,1463145,-996630,1381,53,-21,53,-44,-13,-21,-13,284626
898485,1464270,-996641,1376,-57,-4,-57,-98,4,-4,4,284693
898373,1462478,-996580,1408,16,7,16,-109,-44,7,-44,284694
898261,1463205,-996449,1418,-42,18,-42,-467,163,18,163,284655
898010,1461793,-996371,1356,50,45,50,17,-4,45,-4,284687
897756,1461886,-996501,1324,-97,-38,-97,-125,-68,-38,-68,284677
897450,1461837,-996413,1267,-213,48,-213,-277,79,48,79,284693
897280,1460985,-996458,1358,-28,2,-28,40,14,2,14,284712
897277,1460694,-996599,1395,-30,16,-30,-39,34,16,34,284694
897157,1461177,-996557,1410,-58,14,-58,-315,62,14,62,284708
897100,1462821,-996787,1422,-7,8,-7,8,-48,8,-48,284595
897087,1461888,-996731,1417,-45,-8,-45,-173,-62,-8,-62,284672
897085,1461643,-996727,1417,67,-8,67,-657,41,-8,41,284696
896961,1461699,-996644,1418,-35,8,-35,-243,83,8,83,284691
896677,1461389,-996656,1330,226,-16,226,-532,53,-16,53,284736
896543,1461690,-996666,1389,-4,-4,-4,-101,11,-4,11,284728
